,drug,disease,label
0,29.0,272.0,1.0
1,225.0,16.0,1.0
2,259.0,71.0,1.0
3,570.0,162.0,1.0
4,433.0,66.0,1.0
5,211.0,210.0,1.0
6,481.0,35.0,1.0
7,232.0,272.0,1.0
8,394.0,230.0,1.0
9,146.0,130.0,1.0
10,23.0,273.0,1.0
11,239.0,108.0,1.0
12,36.0,1.0,1.0
13,16.0,200.0,1.0
14,156.0,73.0,1.0
15,522.0,97.0,1.0
16,227.0,142.0,1.0
17,379.0,86.0,1.0
18,517.0,108.0,1.0
19,519.0,262.0,1.0
20,496.0,73.0,1.0
21,470.0,168.0,1.0
22,106.0,86.0,1.0
23,133.0,78.0,1.0
24,456.0,215.0,1.0
25,519.0,300.0,1.0
26,125.0,151.0,1.0
27,333.0,300.0,1.0
28,296.0,305.0,1.0
29,80.0,69.0,1.0
30,100.0,245.0,1.0
31,348.0,35.0,1.0
32,477.0,312.0,1.0
33,86.0,86.0,1.0
34,84.0,233.0,1.0
35,316.0,136.0,1.0
36,575.0,230.0,1.0
37,296.0,293.0,1.0
38,437.0,108.0,1.0
39,245.0,75.0,1.0
40,194.0,160.0,1.0
41,259.0,141.0,1.0
42,531.0,142.0,1.0
43,363.0,269.0,1.0
44,190.0,82.0,1.0
45,292.0,5.0,1.0
46,423.0,301.0,1.0
47,524.0,13.0,1.0
48,391.0,66.0,1.0
49,151.0,119.0,1.0
50,460.0,193.0,1.0
51,245.0,288.0,1.0
52,485.0,35.0,1.0
53,89.0,16.0,1.0
54,537.0,79.0,1.0
55,284.0,86.0,1.0
56,138.0,79.0,1.0
57,511.0,108.0,1.0
58,545.0,241.0,1.0
59,274.0,5.0,1.0
60,393.0,86.0,1.0
61,328.0,303.0,1.0
62,211.0,86.0,1.0
63,519.0,248.0,1.0
64,455.0,34.0,1.0
65,298.0,109.0,1.0
66,328.0,308.0,1.0
67,333.0,45.0,1.0
68,400.0,102.0,1.0
69,203.0,108.0,1.0
70,281.0,82.0,1.0
71,117.0,102.0,1.0
72,333.0,163.0,1.0
73,257.0,116.0,1.0
74,367.0,237.0,1.0
75,485.0,37.0,1.0
76,443.0,149.0,1.0
77,75.0,217.0,1.0
78,257.0,90.0,1.0
79,464.0,277.0,1.0
80,34.0,31.0,1.0
81,252.0,22.0,1.0
82,341.0,160.0,1.0
83,225.0,19.0,1.0
84,477.0,108.0,1.0
85,519.0,302.0,1.0
86,286.0,82.0,1.0
87,78.0,113.0,1.0
88,45.0,103.0,1.0
89,492.0,69.0,1.0
90,552.0,75.0,1.0
91,178.0,166.0,1.0
92,81.0,3.0,1.0
93,139.0,299.0,1.0
94,165.0,15.0,1.0
95,0.0,128.0,1.0
96,231.0,160.0,1.0
97,31.0,210.0,1.0
98,333.0,29.0,1.0
99,467.0,129.0,1.0
100,505.0,206.0,1.0
101,37.0,312.0,1.0
102,134.0,31.0,1.0
103,199.0,238.0,1.0
104,487.0,299.0,1.0
105,338.0,174.0,1.0
106,226.0,135.0,1.0
107,49.0,246.0,1.0
108,159.0,259.0,1.0
109,28.0,162.0,1.0
110,569.0,42.0,1.0
111,244.0,121.0,1.0
112,333.0,147.0,1.0
113,287.0,121.0,1.0
114,220.0,241.0,1.0
115,526.0,196.0,1.0
116,63.0,267.0,1.0
117,132.0,184.0,1.0
118,289.0,156.0,1.0
119,64.0,23.0,1.0
120,212.0,15.0,1.0
121,549.0,34.0,1.0
122,522.0,61.0,1.0
123,49.0,296.0,1.0
124,250.0,17.0,1.0
125,426.0,264.0,1.0
126,242.0,108.0,1.0
127,544.0,58.0,1.0
128,287.0,312.0,1.0
129,403.0,284.0,1.0
130,283.0,9.0,1.0
131,53.0,108.0,1.0
132,4.0,252.0,1.0
133,517.0,130.0,1.0
134,237.0,66.0,1.0
135,486.0,116.0,1.0
136,331.0,210.0,1.0
137,318.0,273.0,1.0
138,254.0,135.0,1.0
139,67.0,206.0,1.0
140,68.0,108.0,1.0
141,252.0,49.0,1.0
142,84.0,99.0,1.0
143,584.0,103.0,1.0
144,68.0,146.0,1.0
145,402.0,307.0,1.0
146,450.0,86.0,1.0
147,341.0,293.0,1.0
148,169.0,240.0,1.0
149,271.0,278.0,1.0
150,296.0,4.0,1.0
151,308.0,263.0,1.0
152,48.0,183.0,1.0
153,93.0,246.0,1.0
154,84.0,206.0,1.0
155,397.0,9.0,1.0
156,48.0,117.0,1.0
157,95.0,307.0,1.0
158,518.0,118.0,1.0
159,237.0,86.0,1.0
160,320.0,241.0,1.0
161,328.0,262.0,1.0
162,192.0,86.0,1.0
163,165.0,206.0,1.0
164,306.0,211.0,1.0
165,584.0,17.0,1.0
166,294.0,48.0,1.0
167,40.0,129.0,1.0
168,229.0,102.0,1.0
169,421.0,133.0,1.0
170,175.0,86.0,1.0
171,540.0,141.0,1.0
172,404.0,48.0,1.0
173,221.0,112.0,1.0
174,112.0,299.0,1.0
175,23.0,72.0,1.0
176,456.0,112.0,1.0
177,259.0,192.0,1.0
178,537.0,115.0,1.0
179,229.0,23.0,1.0
180,138.0,61.0,1.0
181,293.0,257.0,1.0
182,368.0,108.0,1.0
183,519.0,308.0,1.0
184,541.0,72.0,1.0
185,408.0,312.0,1.0
186,70.0,130.0,1.0
187,379.0,307.0,1.0
188,421.0,141.0,1.0
189,76.0,23.0,1.0
190,208.0,115.0,1.0
191,473.0,277.0,1.0
192,310.0,162.0,1.0
193,537.0,174.0,1.0
194,144.0,143.0,1.0
195,586.0,114.0,1.0
196,180.0,5.0,1.0
197,430.0,228.0,1.0
198,381.0,234.0,1.0
199,160.0,174.0,1.0
200,188.0,247.0,1.0
201,471.0,58.0,1.0
202,289.0,113.0,1.0
203,52.0,35.0,1.0
204,243.0,192.0,1.0
205,502.0,147.0,1.0
206,405.0,12.0,1.0
207,432.0,213.0,1.0
208,166.0,241.0,1.0
209,415.0,206.0,1.0
210,365.0,166.0,1.0
211,93.0,197.0,1.0
212,178.0,269.0,1.0
213,515.0,299.0,1.0
214,231.0,86.0,1.0
215,47.0,312.0,1.0
216,376.0,109.0,1.0
217,135.0,174.0,1.0
218,179.0,295.0,1.0
219,407.0,26.0,1.0
220,387.0,86.0,1.0
221,448.0,7.0,1.0
222,24.0,117.0,1.0
223,154.0,161.0,1.0
224,194.0,293.0,1.0
225,133.0,130.0,1.0
226,288.0,241.0,1.0
227,128.0,62.0,1.0
228,556.0,293.0,1.0
229,82.0,278.0,1.0
230,229.0,67.0,1.0
231,296.0,160.0,1.0
232,567.0,211.0,1.0
233,424.0,214.0,1.0
234,49.0,297.0,1.0
235,447.0,235.0,1.0
236,415.0,204.0,1.0
237,380.0,311.0,1.0
238,222.0,197.0,1.0
239,259.0,38.0,1.0
240,268.0,269.0,1.0
241,347.0,135.0,1.0
242,437.0,312.0,1.0
243,165.0,193.0,1.0
244,423.0,303.0,1.0
245,357.0,112.0,1.0
246,429.0,149.0,1.0
247,485.0,34.0,1.0
248,421.0,38.0,1.0
249,281.0,108.0,1.0
250,416.0,113.0,1.0
251,232.0,312.0,1.0
252,283.0,299.0,1.0
253,48.0,138.0,1.0
254,166.0,19.0,1.0
255,325.0,149.0,1.0
256,424.0,235.0,1.0
257,232.0,73.0,1.0
258,195.0,147.0,1.0
259,167.0,147.0,1.0
260,356.0,38.0,1.0
261,132.0,182.0,1.0
262,388.0,121.0,1.0
263,145.0,3.0,1.0
264,300.0,284.0,1.0
265,553.0,108.0,1.0
266,402.0,86.0,1.0
267,375.0,218.0,1.0
268,549.0,35.0,1.0
269,81.0,258.0,1.0
270,424.0,58.0,1.0
271,393.0,8.0,1.0
272,433.0,305.0,1.0
273,16.0,223.0,1.0
274,374.0,162.0,1.0
275,307.0,183.0,1.0
276,245.0,42.0,1.0
277,305.0,34.0,1.0
278,201.0,108.0,1.0
279,205.0,75.0,1.0
280,225.0,222.0,1.0
281,346.0,177.0,1.0
282,4.0,266.0,1.0
283,103.0,229.0,1.0
284,179.0,43.0,1.0
285,484.0,263.0,1.0
286,275.0,102.0,1.0
287,132.0,170.0,1.0
288,496.0,86.0,1.0
289,335.0,312.0,1.0
290,59.0,220.0,1.0
291,111.0,87.0,1.0
292,168.0,61.0,1.0
293,104.0,139.0,1.0
294,148.0,142.0,1.0
295,44.0,284.0,1.0
296,456.0,293.0,1.0
297,230.0,147.0,1.0
298,305.0,35.0,1.0
299,19.0,187.0,1.0
300,6.0,211.0,1.0
301,194.0,66.0,1.0
302,113.0,261.0,1.0
303,312.0,147.0,1.0
304,392.0,135.0,1.0
305,502.0,194.0,1.0
306,251.0,304.0,1.0
307,343.0,85.0,1.0
308,87.0,53.0,1.0
309,300.0,151.0,1.0
310,72.0,312.0,1.0
311,33.0,214.0,1.0
312,16.0,243.0,1.0
313,375.0,156.0,1.0
314,454.0,162.0,1.0
315,417.0,287.0,1.0
316,501.0,102.0,1.0
317,301.0,86.0,1.0
318,482.0,299.0,1.0
319,424.0,219.0,1.0
320,110.0,14.0,1.0
321,226.0,111.0,1.0
322,252.0,141.0,1.0
323,397.0,273.0,1.0
324,455.0,265.0,1.0
325,564.0,208.0,1.0
326,188.0,110.0,1.0
327,200.0,312.0,1.0
328,535.0,12.0,1.0
329,199.0,16.0,1.0
330,369.0,280.0,1.0
331,333.0,177.0,1.0
332,213.0,82.0,1.0
333,108.0,103.0,1.0
334,397.0,30.0,1.0
335,252.0,181.0,1.0
336,239.0,86.0,1.0
337,36.0,86.0,1.0
338,236.0,251.0,1.0
339,196.0,60.0,1.0
340,583.0,68.0,1.0
341,54.0,310.0,1.0
342,338.0,264.0,1.0
343,123.0,14.0,1.0
344,474.0,273.0,1.0
345,328.0,163.0,1.0
346,356.0,87.0,1.0
347,397.0,86.0,1.0
348,343.0,264.0,1.0
349,528.0,166.0,1.0
350,502.0,159.0,1.0
351,103.0,66.0,1.0
352,66.0,168.0,1.0
353,591.0,14.0,1.0
354,163.0,288.0,1.0
355,419.0,160.0,1.0
356,341.0,66.0,1.0
357,182.0,135.0,1.0
358,4.0,270.0,1.0
359,212.0,181.0,1.0
360,533.0,19.0,1.0
361,397.0,293.0,1.0
362,189.0,265.0,1.0
363,531.0,190.0,1.0
364,228.0,141.0,1.0
365,328.0,285.0,1.0
366,569.0,264.0,1.0
367,446.0,202.0,1.0
368,68.0,311.0,1.0
369,297.0,119.0,1.0
370,2.0,42.0,1.0
371,72.0,108.0,1.0
372,259.0,157.0,1.0
373,2.0,128.0,1.0
374,577.0,135.0,1.0
375,302.0,108.0,1.0
376,273.0,312.0,1.0
377,78.0,214.0,1.0
378,447.0,219.0,1.0
379,67.0,15.0,1.0
380,52.0,37.0,1.0
381,185.0,293.0,1.0
382,291.0,272.0,1.0
383,336.0,264.0,1.0
384,78.0,71.0,1.0
385,251.0,44.0,1.0
386,544.0,19.0,1.0
387,369.0,116.0,1.0
388,252.0,162.0,1.0
389,259.0,87.0,1.0
390,524.0,6.0,1.0
391,290.0,246.0,1.0
392,209.0,178.0,1.0
393,132.0,171.0,1.0
394,276.0,62.0,1.0
395,244.0,312.0,1.0
396,49.0,294.0,1.0
397,267.0,20.0,1.0
398,150.0,265.0,1.0
399,537.0,212.0,1.0
400,456.0,305.0,1.0
401,456.0,216.0,1.0
402,107.0,249.0,1.0
403,534.0,79.0,1.0
404,542.0,117.0,1.0
405,222.0,0.0,1.0
406,34.0,1.0,1.0
407,328.0,177.0,1.0
408,262.0,154.0,1.0
409,575.0,277.0,1.0
410,104.0,35.0,1.0
411,423.0,111.0,1.0
412,188.0,117.0,1.0
413,135.0,166.0,1.0
414,252.0,93.0,1.0
415,356.0,84.0,1.0
416,363.0,166.0,1.0
417,326.0,193.0,1.0
418,26.0,312.0,1.0
419,247.0,293.0,1.0
420,171.0,261.0,1.0
421,96.0,66.0,1.0
422,415.0,181.0,1.0
423,450.0,112.0,1.0
424,172.0,69.0,1.0
425,397.0,90.0,1.0
426,526.0,30.0,1.0
427,429.0,162.0,1.0
428,340.0,86.0,1.0
429,293.0,261.0,1.0
430,201.0,61.0,1.0
431,550.0,271.0,1.0
432,154.0,284.0,1.0
433,498.0,220.0,1.0
434,444.0,23.0,1.0
435,456.0,66.0,1.0
436,98.0,86.0,1.0
437,380.0,23.0,1.0
438,281.0,78.0,1.0
439,3.0,71.0,1.0
440,247.0,124.0,1.0
441,411.0,273.0,1.0
442,250.0,103.0,1.0
443,75.0,64.0,1.0
444,343.0,201.0,1.0
445,537.0,181.0,1.0
446,357.0,86.0,1.0
447,212.0,235.0,1.0
448,225.0,241.0,1.0
449,312.0,185.0,1.0
450,349.0,7.0,1.0
451,387.0,272.0,1.0
452,147.0,210.0,1.0
453,394.0,277.0,1.0
454,0.0,91.0,1.0
455,252.0,6.0,1.0
456,79.0,34.0,1.0
457,325.0,185.0,1.0
458,497.0,115.0,1.0
459,432.0,181.0,1.0
460,476.0,225.0,1.0
461,61.0,119.0,1.0
462,64.0,111.0,1.0
463,66.0,22.0,1.0
464,231.0,112.0,1.0
465,313.0,293.0,1.0
466,239.0,261.0,1.0
467,39.0,102.0,1.0
468,424.0,153.0,1.0
469,421.0,211.0,1.0
470,510.0,32.0,1.0
471,31.0,144.0,1.0
472,245.0,3.0,1.0
473,34.0,118.0,1.0
474,575.0,250.0,1.0
475,533.0,88.0,1.0
476,524.0,86.0,1.0
477,353.0,235.0,1.0
478,103.0,281.0,1.0
479,156.0,225.0,1.0
480,275.0,23.0,1.0
481,178.0,162.0,1.0
482,329.0,175.0,1.0
483,566.0,79.0,1.0
484,158.0,306.0,1.0
485,143.0,307.0,1.0
486,3.0,280.0,1.0
487,426.0,108.0,1.0
488,563.0,118.0,1.0
489,426.0,174.0,1.0
490,471.0,128.0,1.0
491,397.0,79.0,1.0
492,188.0,6.0,1.0
493,370.0,113.0,1.0
494,225.0,93.0,1.0
495,229.0,146.0,1.0
496,492.0,86.0,1.0
497,377.0,108.0,1.0
498,0.0,126.0,1.0
499,236.0,147.0,1.0
500,37.0,61.0,1.0
501,357.0,293.0,1.0
502,212.0,193.0,1.0
503,537.0,133.0,1.0
504,580.0,25.0,1.0
505,519.0,285.0,1.0
506,212.0,275.0,1.0
507,113.0,155.0,1.0
508,11.0,180.0,1.0
509,260.0,74.0,1.0
510,366.0,108.0,1.0
511,236.0,14.0,1.0
512,2.0,274.0,1.0
513,291.0,107.0,1.0
514,252.0,89.0,1.0
515,438.0,14.0,1.0
516,316.0,76.0,1.0
517,151.0,118.0,1.0
518,259.0,94.0,1.0
519,322.0,162.0,1.0
520,450.0,79.0,1.0
521,543.0,108.0,1.0
522,562.0,269.0,1.0
523,438.0,150.0,1.0
524,591.0,147.0,1.0
525,331.0,79.0,1.0
526,32.0,312.0,1.0
527,160.0,108.0,1.0
528,467.0,78.0,1.0
529,114.0,108.0,1.0
530,22.0,3.0,1.0
531,537.0,275.0,1.0
532,259.0,212.0,1.0
533,544.0,128.0,1.0
534,244.0,17.0,1.0
535,210.0,220.0,1.0
536,589.0,32.0,1.0
537,342.0,269.0,1.0
538,225.0,181.0,1.0
539,414.0,166.0,1.0
540,107.0,135.0,1.0
541,183.0,214.0,1.0
542,381.0,301.0,1.0
543,328.0,300.0,1.0
544,26.0,82.0,1.0
545,289.0,264.0,1.0
546,381.0,262.0,1.0
547,519.0,301.0,1.0
548,67.0,193.0,1.0
549,430.0,140.0,1.0
550,376.0,5.0,1.0
551,346.0,272.0,1.0
552,39.0,57.0,1.0
553,190.0,312.0,1.0
554,115.0,12.0,1.0
555,156.0,147.0,1.0
556,259.0,241.0,1.0
557,354.0,79.0,1.0
558,194.0,305.0,1.0
559,59.0,241.0,1.0
560,15.0,79.0,1.0
561,151.0,1.0,1.0
562,333.0,146.0,1.0
563,471.0,19.0,1.0
564,348.0,34.0,1.0
565,397.0,305.0,1.0
566,362.0,61.0,1.0
567,277.0,102.0,1.0
568,144.0,75.0,1.0
569,256.0,74.0,1.0
570,268.0,166.0,1.0
571,80.0,295.0,1.0
572,502.0,29.0,1.0
573,440.0,108.0,1.0
574,281.0,312.0,1.0
575,508.0,199.0,1.0
576,308.0,14.0,1.0
577,424.0,167.0,1.0
578,427.0,162.0,1.0
579,37.0,108.0,1.0
580,0.0,261.0,1.0
581,233.0,293.0,1.0
582,10.0,305.0,1.0
583,549.0,37.0,1.0
584,232.0,121.0,1.0
585,590.0,108.0,1.0
586,75.0,240.0,1.0
587,517.0,82.0,1.0
588,427.0,269.0,1.0
589,233.0,66.0,1.0
590,319.0,263.0,1.0
591,386.0,86.0,1.0
592,133.0,312.0,1.0
593,479.0,37.0,1.0
594,69.0,1.0,1.0
595,171.0,108.0,1.0
596,225.0,189.0,1.0
597,98.0,73.0,1.0
598,46.0,263.0,1.0
599,370.0,108.0,1.0
600,145.0,288.0,1.0
601,512.0,86.0,1.0
602,124.0,79.0,1.0
603,413.0,276.0,1.0
604,355.0,99.0,1.0
605,435.0,34.0,1.0
606,409.0,312.0,1.0
607,19.0,231.0,1.0
608,443.0,206.0,1.0
609,403.0,42.0,1.0
610,441.0,37.0,1.0
611,9.0,120.0,1.0
612,231.0,305.0,1.0
613,511.0,312.0,1.0
614,335.0,108.0,1.0
615,5.0,252.0,1.0
616,228.0,241.0,1.0
617,289.0,174.0,1.0
618,566.0,86.0,1.0
619,366.0,82.0,1.0
620,96.0,307.0,1.0
621,17.0,227.0,1.0
622,71.0,295.0,1.0
623,525.0,123.0,1.0
624,51.0,166.0,1.0
625,185.0,160.0,1.0
626,295.0,3.0,1.0
627,293.0,86.0,1.0
628,370.0,264.0,1.0
629,62.0,135.0,1.0
630,283.0,30.0,1.0
631,448.0,287.0,1.0
632,270.0,177.0,1.0
633,48.0,306.0,1.0
634,168.0,278.0,1.0
635,526.0,176.0,1.0
636,435.0,37.0,1.0
637,305.0,265.0,1.0
638,447.0,214.0,1.0
639,443.0,15.0,1.0
640,159.0,102.0,1.0
641,16.0,82.0,1.0
642,196.0,138.0,1.0
643,313.0,86.0,1.0
644,237.0,254.0,1.0
645,246.0,251.0,1.0
646,278.0,265.0,1.0
647,491.0,190.0,1.0
648,342.0,166.0,1.0
649,187.0,299.0,1.0
650,248.0,133.0,1.0
651,387.0,155.0,1.0
652,579.0,212.0,1.0
653,278.0,34.0,1.0
654,203.0,174.0,1.0
655,561.0,312.0,1.0
656,84.0,98.0,1.0
657,143.0,277.0,1.0
658,332.0,30.0,1.0
659,34.0,119.0,1.0
660,29.0,144.0,1.0
661,112.0,130.0,1.0
662,502.0,256.0,1.0
663,19.0,244.0,1.0
664,361.0,307.0,1.0
665,365.0,218.0,1.0
666,357.0,305.0,1.0
667,186.0,62.0,1.0
668,81.0,175.0,1.0
669,42.0,312.0,1.0
670,175.0,254.0,1.0
671,331.0,293.0,1.0
672,164.0,282.0,1.0
673,288.0,181.0,1.0
674,20.0,177.0,1.0
675,273.0,108.0,1.0
676,197.0,86.0,1.0
677,128.0,278.0,1.0
678,423.0,163.0,1.0
679,95.0,66.0,1.0
680,239.0,130.0,1.0
681,521.0,86.0,1.0
682,195.0,14.0,1.0
683,249.0,86.0,1.0
684,381.0,248.0,1.0
685,225.0,233.0,1.0
686,160.0,218.0,1.0
687,41.0,23.0,1.0
688,7.0,36.0,1.0
689,35.0,230.0,1.0
690,474.0,260.0,1.0
691,472.0,210.0,1.0
692,312.0,118.0,1.0
693,273.0,60.0,1.0
694,449.0,202.0,1.0
695,188.0,221.0,1.0
696,64.0,177.0,1.0
697,158.0,138.0,1.0
698,364.0,108.0,1.0
699,331.0,66.0,1.0
700,199.0,214.0,1.0
701,534.0,100.0,1.0
702,169.0,65.0,1.0
703,67.0,214.0,1.0
704,270.0,39.0,1.0
705,291.0,155.0,1.0
706,514.0,278.0,1.0
707,585.0,38.0,1.0
708,14.0,244.0,1.0
709,423.0,308.0,1.0
710,381.0,302.0,1.0
711,307.0,135.0,1.0
712,199.0,193.0,1.0
713,118.0,79.0,1.0
714,302.0,82.0,1.0
715,145.0,214.0,1.0
716,127.0,79.0,1.0
717,159.0,135.0,1.0
718,1.0,284.0,1.0
719,419.0,112.0,1.0
720,101.0,108.0,1.0
721,356.0,264.0,1.0
722,92.0,108.0,1.0
723,389.0,14.0,1.0
724,397.0,94.0,1.0
725,317.0,79.0,1.0
726,582.0,131.0,1.0
727,29.0,38.0,1.0
728,261.0,87.0,1.0
729,307.0,60.0,1.0
730,472.0,109.0,1.0
731,456.0,135.0,1.0
732,225.0,204.0,1.0
733,259.0,93.0,1.0
734,474.0,30.0,1.0
735,312.0,119.0,1.0
736,282.0,135.0,1.0
737,412.0,42.0,1.0
738,315.0,177.0,1.0
739,21.0,182.0,1.0
740,430.0,288.0,1.0
741,416.0,108.0,1.0
742,128.0,102.0,1.0
743,222.0,177.0,1.0
744,329.0,128.0,1.0
745,312.0,105.0,1.0
746,504.0,79.0,1.0
747,4.0,51.0,1.0
748,78.0,114.0,1.0
749,163.0,75.0,1.0
750,455.0,37.0,1.0
751,277.0,246.0,1.0
752,471.0,241.0,1.0
753,279.0,287.0,1.0
754,191.0,118.0,1.0
755,184.0,19.0,1.0
756,408.0,78.0,1.0
757,228.0,19.0,1.0
758,198.0,79.0,1.0
759,460.0,181.0,1.0
760,375.0,166.0,1.0
761,289.0,82.0,1.0
762,47.0,174.0,1.0
763,272.0,258.0,1.0
764,237.0,112.0,1.0
765,423.0,234.0,1.0
766,407.0,173.0,1.0
767,522.0,190.0,1.0
768,216.0,192.0,1.0
769,252.0,122.0,1.0
770,502.0,28.0,1.0
771,299.0,269.0,1.0
772,463.0,255.0,1.0
773,553.0,312.0,1.0
774,416.0,82.0,1.0
775,412.0,151.0,1.0
776,423.0,262.0,1.0
777,389.0,263.0,1.0
778,138.0,62.0,1.0
779,435.0,265.0,1.0
780,484.0,147.0,1.0
781,12.0,209.0,1.0
782,586.0,3.0,1.0
783,184.0,114.0,1.0
784,334.0,6.0,1.0
785,506.0,92.0,1.0
786,433.0,160.0,1.0
787,556.0,305.0,1.0
788,517.0,174.0,1.0
789,362.0,108.0,1.0
790,168.0,108.0,1.0
791,159.0,246.0,1.0
792,521.0,128.0,1.0
793,83.0,69.0,1.0
794,161.0,279.0,1.0
795,80.0,117.0,1.0
796,463.0,286.0,1.0
797,29.0,148.0,1.0
798,381.0,177.0,1.0
799,522.0,108.0,1.0
800,536.0,14.0,1.0
801,582.0,283.0,1.0
802,397.0,112.0,1.0
803,300.0,42.0,1.0
804,432.0,241.0,1.0
805,587.0,288.0,1.0
806,580.0,242.0,1.0
807,523.0,61.0,1.0
808,103.0,112.0,1.0
809,232.0,299.0,1.0
810,74.0,142.0,1.0
811,90.0,241.0,1.0
812,514.0,61.0,1.0
813,211.0,270.0,1.0
814,18.0,242.0,1.0
815,538.0,1.0,1.0
816,323.0,121.0,1.0
817,141.0,269.0,1.0
818,357.0,66.0,1.0
819,214.0,58.0,1.0
820,529.0,269.0,1.0
821,163.0,19.0,1.0
822,502.0,70.0,1.0
823,526.0,273.0,1.0
824,326.0,238.0,1.0
825,191.0,119.0,1.0
826,225.0,192.0,1.0
827,39.0,86.0,1.0
828,300.0,139.0,1.0
829,195.0,251.0,1.0
830,19.0,31.0,1.0
831,441.0,312.0,1.0
832,125.0,139.0,1.0
833,520.0,312.0,1.0
834,344.0,108.0,1.0
835,87.0,51.0,1.0
836,144.0,288.0,1.0
837,225.0,276.0,1.0
838,432.0,228.0,1.0
839,498.0,168.0,1.0
840,162.0,115.0,1.0
841,229.0,121.0,1.0
842,150.0,37.0,1.0
843,105.0,162.0,1.0
844,506.0,241.0,1.0
845,187.0,311.0,1.0
846,443.0,232.0,1.0
847,97.0,246.0,1.0
848,279.0,31.0,1.0
849,433.0,293.0,1.0
850,374.0,269.0,1.0
851,468.0,72.0,1.0
852,232.0,69.0,1.0
853,275.0,299.0,1.0
854,52.0,265.0,1.0
855,19.0,287.0,1.0
856,185.0,56.0,1.0
857,540.0,108.0,1.0
858,225.0,238.0,1.0
859,199.0,48.0,1.0
860,6.0,94.0,1.0
861,331.0,305.0,1.0
862,291.0,148.0,1.0
863,131.0,23.0,1.0
864,333.0,303.0,1.0
865,405.0,84.0,1.0
866,426.0,33.0,1.0
867,494.0,12.0,1.0
868,10.0,160.0,1.0
869,480.0,211.0,1.0
870,70.0,312.0,1.0
871,523.0,62.0,1.0
872,127.0,272.0,1.0
873,55.0,111.0,1.0
874,138.0,278.0,1.0
875,339.0,31.0,1.0
876,365.0,108.0,1.0
877,521.0,276.0,1.0
878,137.0,118.0,1.0
879,109.0,282.0,1.0
880,445.0,72.0,1.0
881,557.0,177.0,1.0
882,27.0,8.0,1.0
883,29.0,292.0,1.0
884,460.0,233.0,1.0
885,54.0,72.0,1.0
886,526.0,96.0,1.0
887,240.0,282.0,1.0
888,159.0,178.0,1.0
889,272.0,175.0,1.0
890,502.0,309.0,1.0
891,476.0,23.0,1.0
892,223.0,79.0,1.0
893,562.0,162.0,1.0
894,201.0,312.0,1.0
895,211.0,69.0,1.0
896,426.0,161.0,1.0
897,451.0,134.0,1.0
898,372.0,86.0,1.0
899,59.0,38.0,1.0
900,103.0,102.0,1.0
901,370.0,166.0,1.0
902,537.0,162.0,1.0
903,489.0,86.0,1.0
904,21.0,306.0,1.0
905,423.0,146.0,1.0
906,574.0,250.0,1.0
907,101.0,312.0,1.0
908,65.0,241.0,1.0
909,223.0,86.0,1.0
910,405.0,66.0,1.0
911,502.0,177.0,1.0
912,195.0,230.0,1.0
913,259.0,12.0,1.0
914,389.0,147.0,1.0
915,95.0,102.0,1.0
916,365.0,264.0,1.0
917,489.0,282.0,1.0
918,557.0,197.0,1.0
919,337.0,273.0,1.0
920,185.0,125.0,1.0
921,137.0,31.0,1.0
922,291.0,102.0,1.0
923,556.0,66.0,1.0
924,10.0,293.0,1.0
925,539.0,109.0,1.0
926,196.0,40.0,1.0
927,339.0,118.0,1.0
928,356.0,241.0,1.0
929,61.0,31.0,1.0
930,578.0,158.0,1.0
931,395.0,269.0,1.0
932,573.0,69.0,1.0
933,270.0,145.0,1.0
934,146.0,108.0,1.0
935,461.0,79.0,1.0
936,544.0,241.0,1.0
937,491.0,97.0,1.0
938,199.0,137.0,1.0
939,378.0,177.0,1.0
940,230.0,185.0,1.0
941,313.0,112.0,1.0
942,338.0,312.0,1.0
943,312.0,10.0,1.0
944,19.0,191.0,1.0
945,541.0,74.0,1.0
946,149.0,135.0,1.0
947,112.0,312.0,1.0
948,158.0,183.0,1.0
949,320.0,181.0,1.0
950,522.0,239.0,1.0
951,211.0,266.0,1.0
952,298.0,43.0,1.0
953,270.0,197.0,1.0
954,588.0,78.0,1.0
955,537.0,264.0,1.0
956,247.0,112.0,1.0
957,71.0,286.0,1.0
958,358.0,147.0,1.0
959,93.0,31.0,1.0
960,352.0,241.0,1.0
961,423.0,102.0,1.0
962,130.0,118.0,1.0
963,509.0,119.0,1.0
964,542.0,109.0,1.0
965,225.0,137.0,1.0
966,532.0,23.0,1.0
967,349.0,31.0,1.0
968,469.0,72.0,1.0
969,212.0,206.0,1.0
970,96.0,79.0,1.0
971,540.0,129.0,1.0
972,467.0,312.0,1.0
973,177.0,12.0,1.0
974,79.0,265.0,1.0
975,275.0,24.0,1.0
976,233.0,305.0,1.0
977,426.0,3.0,1.0
978,413.0,284.0,1.0
979,247.0,86.0,1.0
980,471.0,20.0,1.0
981,531.0,97.0,1.0
982,387.0,107.0,1.0
983,180.0,185.0,1.0
984,84.0,193.0,1.0
985,14.0,82.0,1.0
986,405.0,241.0,1.0
987,366.0,312.0,1.0
988,133.0,30.0,1.0
989,410.0,225.0,1.0
990,375.0,161.0,1.0
991,93.0,287.0,1.0
992,360.0,230.0,1.0
993,455.0,35.0,1.0
994,237.0,293.0,1.0
995,324.0,79.0,1.0
996,257.0,280.0,1.0
997,53.0,312.0,1.0
998,537.0,95.0,1.0
999,252.0,94.0,1.0
1000,289.0,108.0,1.0
1001,154.0,264.0,1.0
1002,133.0,310.0,1.0
1003,405.0,87.0,1.0
1004,412.0,3.0,1.0
1005,517.0,264.0,1.0
1006,356.0,174.0,1.0
1007,495.0,86.0,1.0
1008,368.0,310.0,1.0
1009,60.0,232.0,1.0
1010,55.0,86.0,1.0
1011,283.0,260.0,1.0
1012,81.0,128.0,1.0
1013,559.0,197.0,1.0
1014,219.0,240.0,1.0
1015,140.0,30.0,1.0
1016,95.0,86.0,1.0
1017,41.0,311.0,1.0
1018,271.0,61.0,1.0
1019,231.0,66.0,1.0
1020,159.0,289.0,1.0
1021,283.0,273.0,1.0
1022,0.0,284.0,1.0
1023,332.0,82.0,1.0
1024,431.0,19.0,1.0
1025,225.0,235.0,1.0
1026,93.0,177.0,1.0
1027,25.0,108.0,1.0
1028,159.0,290.0,1.0
1029,461.0,87.0,1.0
1030,267.0,127.0,1.0
1031,444.0,299.0,1.0
1032,311.0,38.0,1.0
1033,348.0,265.0,1.0
1034,8.0,177.0,1.0
1035,421.0,232.0,1.0
1036,383.0,38.0,1.0
1037,465.0,108.0,1.0
1038,110.0,263.0,1.0
1039,461.0,307.0,1.0
1040,232.0,60.0,1.0
1041,528.0,269.0,1.0
1042,59.0,15.0,1.0
1043,228.0,193.0,1.0
1044,526.0,38.0,1.0
1045,29.0,86.0,1.0
1046,103.0,50.0,1.0
1047,539.0,135.0,1.0
1048,179.0,135.0,1.0
1049,314.0,86.0,1.0
1050,454.0,269.0,1.0
1051,554.0,269.0,1.0
1052,104.0,265.0,1.0
1053,215.0,211.0,1.0
1054,73.0,162.0,1.0
1055,45.0,83.0,1.0
1056,176.0,155.0,1.0
1057,404.0,222.0,1.0
1058,496.0,108.0,1.0
1059,128.0,108.0,1.0
1060,99.0,119.0,1.0
1061,105.0,166.0,1.0
1062,259.0,264.0,1.0
1063,320.0,204.0,1.0
1064,164.0,32.0,1.0
1065,12.0,198.0,1.0
1066,546.0,69.0,1.0
1067,423.0,285.0,1.0
1068,307.0,138.0,1.0
1069,526.0,80.0,1.0
1070,459.0,12.0,1.0
1071,179.0,210.0,1.0
1072,419.0,305.0,1.0
1073,430.0,99.0,1.0
1074,369.0,114.0,1.0
1075,296.0,112.0,1.0
1076,545.0,206.0,1.0
1077,48.0,226.0,1.0
1078,415.0,15.0,1.0
1079,460.0,92.0,1.0
1080,232.0,1.0,1.0
1081,79.0,35.0,1.0
1082,587.0,75.0,1.0
1083,435.0,35.0,1.0
1084,321.0,240.0,1.0
1085,501.0,107.0,1.0
1086,31.0,117.0,1.0
1087,147.0,117.0,1.0
1088,278.0,37.0,1.0
1089,304.0,145.0,1.0
1090,245.0,151.0,1.0
1091,415.0,193.0,1.0
1092,252.0,111.0,1.0
1093,311.0,57.0,1.0
1094,78.0,241.0,1.0
1095,84.0,15.0,1.0
1096,135.0,264.0,1.0
1097,273.0,78.0,1.0
1098,380.0,299.0,1.0
1099,255.0,175.0,1.0
1100,318.0,260.0,1.0
1101,513.0,312.0,1.0
1102,3.0,116.0,1.0
1103,212.0,233.0,1.0
1104,276.0,278.0,1.0
1105,370.0,82.0,1.0
1106,224.0,108.0,1.0
1107,82.0,61.0,1.0
1108,162.0,284.0,1.0
1109,528.0,162.0,1.0
1110,228.0,238.0,1.0
1111,278.0,35.0,1.0
1112,8.0,197.0,1.0
1113,417.0,31.0,1.0
1114,563.0,119.0,1.0
1115,481.0,37.0,1.0
1116,134.0,287.0,1.0
1117,424.0,222.0,1.0
1118,450.0,66.0,1.0
1119,244.0,108.0,1.0
1120,529.0,166.0,1.0
1121,385.0,102.0,1.0
1122,296.0,66.0,1.0
1123,69.0,31.0,1.0
1124,461.0,105.0,1.0
1125,488.0,115.0,1.0
1126,421.0,94.0,1.0
1127,502.0,179.0,1.0
1128,415.0,241.0,1.0
1129,415.0,276.0,1.0
1130,524.0,155.0,1.0
1131,207.0,102.0,1.0
1132,445.0,74.0,1.0
1133,375.0,264.0,1.0
1134,10.0,112.0,1.0
1135,567.0,104.0,1.0
1136,38.0,284.0,1.0
1137,99.0,118.0,1.0
1138,560.0,135.0,1.0
1139,225.0,58.0,1.0
1140,170.0,86.0,1.0
1141,329.0,258.0,1.0
1142,328.0,302.0,1.0
1143,376.0,79.0,1.0
1144,93.0,7.0,1.0
1145,28.0,269.0,1.0
1146,212.0,276.0,1.0
1147,164.0,93.0,1.0
1148,502.0,195.0,1.0
1149,393.0,284.0,1.0
1150,450.0,305.0,1.0
1151,161.0,257.0,1.0
1152,289.0,218.0,1.0
1153,330.0,236.0,1.0
1154,142.0,177.0,1.0
1155,520.0,108.0,1.0
1156,505.0,276.0,1.0
1157,190.0,108.0,1.0
1158,550.0,205.0,1.0
1159,526.0,272.0,1.0
1160,381.0,308.0,1.0
1161,313.0,66.0,1.0
1162,397.0,160.0,1.0
1163,203.0,312.0,1.0
1164,404.0,16.0,1.0
1165,586.0,291.0,1.0
1166,155.0,69.0,1.0
1167,307.0,226.0,1.0
1168,322.0,192.0,1.0
1169,506.0,15.0,1.0
1170,285.0,210.0,1.0
1171,441.0,34.0,1.0
1172,58.0,79.0,1.0
1173,57.0,192.0,1.0
1174,398.0,19.0,1.0
1175,456.0,0.0,1.0
1176,35.0,250.0,1.0
1177,259.0,102.0,1.0
1178,78.0,116.0,1.0
1179,93.0,102.0,1.0
1180,3.0,114.0,1.0
1181,375.0,312.0,1.0
1182,475.0,22.0,1.0
1183,287.0,239.0,1.0
1184,271.0,108.0,1.0
1185,508.0,175.0,1.0
1186,584.0,108.0,1.0
1187,174.0,152.0,1.0
1188,333.0,234.0,1.0
1189,311.0,11.0,1.0
1190,47.0,161.0,1.0
1191,103.0,203.0,1.0
1192,473.0,230.0,1.0
1193,297.0,118.0,1.0
1194,307.0,306.0,1.0
1195,229.0,17.0,1.0
1196,421.0,192.0,1.0
1197,525.0,19.0,1.0
1198,448.0,31.0,1.0
1199,237.0,160.0,1.0
1200,128.0,61.0,1.0
1201,185.0,204.0,1.0
1202,415.0,233.0,1.0
1203,21.0,226.0,1.0
1204,391.0,147.0,1.0
1205,333.0,262.0,1.0
1206,276.0,61.0,1.0
1207,353.0,219.0,1.0
1208,414.0,162.0,1.0
1209,529.0,162.0,1.0
1210,189.0,35.0,1.0
1211,225.0,165.0,1.0
1212,503.0,109.0,1.0
1213,228.0,212.0,1.0
1214,182.0,79.0,1.0
1215,103.0,86.0,1.0
1216,290.0,102.0,1.0
1217,22.0,232.0,1.0
1218,259.0,49.0,1.0
1219,326.0,241.0,1.0
1220,590.0,312.0,1.0
1221,75.0,65.0,1.0
1222,521.0,206.0,1.0
1223,373.0,86.0,1.0
1224,384.0,189.0,1.0
1225,481.0,34.0,1.0
1226,165.0,181.0,1.0
1227,154.0,312.0,1.0
1228,421.0,165.0,1.0
1229,412.0,258.0,1.0
1230,424.0,241.0,1.0
1231,82.0,108.0,1.0
1232,129.0,129.0,1.0
1233,331.0,86.0,1.0
1234,259.0,251.0,1.0
1235,537.0,141.0,1.0
1236,333.0,46.0,1.0
1237,581.0,122.0,1.0
1238,168.0,62.0,1.0
1239,309.0,192.0,1.0
1240,112.0,108.0,1.0
1241,173.0,66.0,1.0
1242,466.0,115.0,1.0
1243,93.0,6.0,1.0
1244,237.0,90.0,1.0
1245,551.0,135.0,1.0
1246,365.0,174.0,1.0
1247,14.0,243.0,1.0
1248,533.0,153.0,1.0
1249,488.0,162.0,1.0
1250,215.0,210.0,1.0
1251,423.0,302.0,1.0
1252,381.0,197.0,1.0
1253,212.0,241.0,1.0
1254,253.0,312.0,1.0
1255,221.0,293.0,1.0
1256,85.0,86.0,1.0
1257,483.0,128.0,1.0
1258,496.0,155.0,1.0
1259,429.0,269.0,1.0
1260,422.0,55.0,1.0
1261,91.0,311.0,1.0
1262,395.0,162.0,1.0
1263,193.0,128.0,1.0
1264,105.0,269.0,1.0
1265,156.0,185.0,1.0
1266,354.0,269.0,1.0
1267,493.0,230.0,1.0
1268,537.0,49.0,1.0
1269,569.0,174.0,1.0
1270,356.0,251.0,1.0
1271,238.0,269.0,1.0
1272,84.0,238.0,1.0
1273,173.0,86.0,1.0
1274,358.0,14.0,1.0
1275,69.0,118.0,1.0
1276,460.0,206.0,1.0
1277,285.0,103.0,1.0
1278,48.0,182.0,1.0
1279,172.0,266.0,1.0
1280,289.0,161.0,1.0
1281,428.0,86.0,1.0
1282,132.0,164.0,1.0
1283,109.0,192.0,1.0
1284,268.0,162.0,1.0
1285,128.0,246.0,1.0
1286,318.0,30.0,1.0
1287,409.0,108.0,1.0
1288,171.0,86.0,1.0
1289,387.0,102.0,1.0
1290,22.0,114.0,1.0
1291,165.0,233.0,1.0
1292,521.0,233.0,1.0
1293,52.0,34.0,1.0
1294,129.0,108.0,1.0
1295,212.0,153.0,1.0
1296,370.0,156.0,1.0
1297,259.0,133.0,1.0
1298,70.0,108.0,1.0
1299,500.0,108.0,1.0
1300,433.0,79.0,1.0
1301,47.0,113.0,1.0
1302,530.0,135.0,1.0
1303,233.0,112.0,1.0
1304,457.0,105.0,1.0
1305,362.0,62.0,1.0
1306,21.0,183.0,1.0
1307,229.0,246.0,1.0
1308,293.0,155.0,1.0
1309,125.0,42.0,1.0
1310,185.0,124.0,1.0
1311,241.0,177.0,1.0
1312,316.0,93.0,1.0
1313,393.0,32.0,1.0
1314,552.0,288.0,1.0
1315,194.0,112.0,1.0
1316,573.0,57.0,1.0
1317,368.0,129.0,1.0
1318,286.0,108.0,1.0
1319,146.0,312.0,1.0
1320,472.0,43.0,1.0
1321,67.0,63.0,1.0
1322,88.0,42.0,1.0
1323,329.0,19.0,1.0
1324,419.0,293.0,1.0
1325,186.0,61.0,1.0
1326,208.0,162.0,1.0
1327,545.0,181.0,1.0
1328,88.0,139.0,1.0
1329,520.0,103.0,1.0
1330,255.0,19.0,1.0
1331,171.0,130.0,1.0
1332,499.0,241.0,1.0
1333,396.0,86.0,1.0
1334,237.0,8.0,1.0
1335,478.0,23.0,1.0
1336,39.0,66.0,1.0
1337,331.0,50.0,1.0
1338,390.0,271.0,1.0
1339,574.0,230.0,1.0
1340,132.0,173.0,1.0
1341,417.0,118.0,1.0
1342,412.0,284.0,1.0
1343,186.0,278.0,1.0
1344,200.0,82.0,1.0
1345,458.0,82.0,1.0
1346,288.0,88.0,1.0
1347,547.0,19.0,1.0
1348,152.0,34.0,1.0
1349,228.0,88.0,1.0
1350,158.0,226.0,1.0
1351,152.0,265.0,1.0
1352,319.0,59.0,1.0
1353,307.0,182.0,1.0
1354,210.0,79.0,1.0
1355,185.0,112.0,1.0
1356,247.0,66.0,1.0
1357,251.0,241.0,1.0
1358,77.0,86.0,1.0
1359,383.0,118.0,1.0
1360,276.0,269.0,1.0
1361,516.0,274.0,1.0
1362,357.0,160.0,1.0
1363,181.0,111.0,1.0
1364,189.0,37.0,1.0
1365,333.0,248.0,1.0
1366,162.0,162.0,1.0
1367,505.0,181.0,1.0
1368,112.0,311.0,1.0
1369,460.0,15.0,1.0
1370,275.0,108.0,1.0
1371,555.0,263.0,1.0
1372,345.0,5.0,1.0
1373,328.0,301.0,1.0
1374,235.0,82.0,1.0
1375,134.0,7.0,1.0
1376,565.0,139.0,1.0
1377,313.0,160.0,1.0
1378,510.0,22.0,1.0
1379,470.0,22.0,1.0
1380,458.0,200.0,1.0
1381,103.0,293.0,1.0
1382,337.0,30.0,1.0
1383,476.0,130.0,1.0
1384,172.0,117.0,1.0
1385,511.0,86.0,1.0
1386,424.0,206.0,1.0
1387,362.0,278.0,1.0
1388,71.0,86.0,1.0
1389,487.0,312.0,1.0
1390,513.0,108.0,1.0
1391,537.0,32.0,1.0
1392,343.0,174.0,1.0
1393,143.0,230.0,1.0
1394,91.0,299.0,1.0
1395,341.0,305.0,1.0
1396,331.0,102.0,1.0
1397,209.0,259.0,1.0
1398,79.0,37.0,1.0
1399,544.0,99.0,1.0
1400,179.0,117.0,1.0
1401,19.0,155.0,1.0
1402,528.0,232.0,1.0
1403,401.0,102.0,1.0
1404,39.0,79.0,1.0
1405,67.0,241.0,1.0
1406,547.0,241.0,1.0
1407,309.0,32.0,1.0
1408,121.0,193.0,1.0
1409,383.0,27.0,1.0
1410,259.0,165.0,1.0
1411,229.0,108.0,1.0
1412,496.0,104.0,1.0
1413,81.0,19.0,1.0
1414,462.0,72.0,1.0
1415,548.0,192.0,1.0
1416,103.0,305.0,1.0
1417,212.0,214.0,1.0
1418,546.0,249.0,1.0
1419,300.0,175.0,1.0
1420,267.0,222.0,1.0
1421,565.0,284.0,1.0
1422,229.0,103.0,1.0
1423,104.0,37.0,1.0
1424,302.0,310.0,1.0
1425,165.0,137.0,1.0
1426,199.0,222.0,1.0
1427,221.0,160.0,1.0
1428,19.0,7.0,1.0
1429,114.0,6.0,1.0
1430,87.0,54.0,1.0
1431,48.0,109.0,1.0
1432,263.0,72.0,1.0
1433,73.0,166.0,1.0
1434,514.0,108.0,1.0
1435,556.0,112.0,1.0
1436,103.0,160.0,1.0
1437,440.0,312.0,1.0
1438,405.0,162.0,1.0
1439,167.0,14.0,1.0
1440,333.0,285.0,1.0
1441,222.0,135.0,1.0
1442,312.0,31.0,1.0
1443,5.0,33.0,1.0
1444,214.0,20.0,1.0
1445,264.0,241.0,1.0
1446,35.0,277.0,1.0
1447,332.0,310.0,1.0
1448,304.0,130.0,1.0
1449,333.0,302.0,1.0
1450,287.0,97.0,1.0
1451,369.0,3.0,1.0
1452,556.0,160.0,1.0
1453,26.0,108.0,1.0
1454,399.0,0.0,1.0
1455,259.0,32.0,1.0
1456,310.0,269.0,1.0
1457,452.0,73.0,1.0
1458,150.0,34.0,1.0
1459,464.0,250.0,1.0
1460,0.0,274.0,1.0
1461,412.0,175.0,1.0
1462,217.0,284.0,1.0
1463,80.0,86.0,1.0
1464,10.0,86.0,1.0
1465,537.0,94.0,1.0
1466,280.0,19.0,1.0
1467,226.0,148.0,1.0
1468,119.0,86.0,1.0
1469,574.0,277.0,1.0
1470,133.0,108.0,1.0
1471,247.0,50.0,1.0
1472,202.0,88.0,1.0
1473,104.0,34.0,1.0
1474,140.0,273.0,1.0
1475,87.0,186.0,1.0
1476,424.0,19.0,1.0
1477,359.0,282.0,1.0
1478,258.0,206.0,1.0
1479,276.0,87.0,1.0
1480,355.0,241.0,1.0
1481,247.0,160.0,1.0
1482,145.0,116.0,1.0
1483,493.0,69.0,1.0
1484,430.0,75.0,1.0
1485,271.0,62.0,1.0
1486,382.0,34.0,1.0
1487,279.0,7.0,1.0
1488,440.0,130.0,1.0
1489,179.0,109.0,1.0
1490,204.0,86.0,1.0
1491,289.0,166.0,1.0
1492,127.0,155.0,1.0
1493,572.0,307.0,1.0
1494,128.0,312.0,1.0
1495,390.0,220.0,1.0
1496,138.0,307.0,1.0
1497,351.0,192.0,1.0
1498,519.0,303.0,1.0
1499,441.0,35.0,1.0
1500,375.0,174.0,1.0
1501,412.0,139.0,1.0
1502,377.0,278.0,1.0
1503,382.0,37.0,1.0
1504,71.0,230.0,1.0
1505,45.0,210.0,1.0
1506,123.0,147.0,1.0
1507,19.0,289.0,1.0
1508,185.0,86.0,1.0
1509,81.0,151.0,1.0
1510,0.0,42.0,1.0
1511,206.0,6.0,1.0
1512,423.0,248.0,1.0
1513,521.0,193.0,1.0
1514,120.0,236.0,1.0
1515,337.0,260.0,1.0
1516,73.0,269.0,1.0
1517,541.0,224.0,1.0
1518,20.0,197.0,1.0
1519,381.0,285.0,1.0
1520,365.0,312.0,1.0
1521,497.0,263.0,1.0
1522,338.0,218.0,1.0
1523,358.0,251.0,1.0
1524,496.0,312.0,1.0
1525,71.0,246.0,1.0
1526,375.0,108.0,1.0
1527,520.0,17.0,1.0
1528,61.0,118.0,1.0
1529,104.0,127.0,1.0
1530,107.0,109.0,1.0
1531,439.0,310.0,1.0
1532,486.0,280.0,1.0
1533,354.0,162.0,1.0
1534,298.0,117.0,1.0
1535,544.0,98.0,1.0
1536,536.0,102.0,1.0
1537,308.0,147.0,1.0
1538,62.0,60.0,1.0
1539,370.0,312.0,1.0
1540,382.0,35.0,1.0
1541,141.0,162.0,1.0
1542,507.0,299.0,1.0
1543,82.0,62.0,1.0
1544,316.0,77.0,1.0
1545,40.0,108.0,1.0
1546,154.0,108.0,1.0
1547,80.0,43.0,1.0
1548,49.0,298.0,1.0
1549,381.0,303.0,1.0
1550,432.0,204.0,1.0
1551,444.0,311.0,1.0
1552,234.0,172.0,1.0
1553,331.0,160.0,1.0
1554,414.0,269.0,1.0
1555,350.0,86.0,1.0
1556,32.0,108.0,1.0
1557,487.0,108.0,1.0
1558,424.0,16.0,1.0
1559,450.0,210.0,1.0
1560,226.0,6.0,1.0
1561,210.0,232.0,1.0
1562,150.0,35.0,1.0
1563,520.0,147.0,1.0
1564,313.0,305.0,1.0
1565,114.0,312.0,1.0
1566,239.0,312.0,1.0
1567,473.0,250.0,1.0
1568,531.0,239.0,1.0
1569,145.0,280.0,1.0
1570,302.0,312.0,1.0
1571,69.0,119.0,1.0
1572,582.0,257.0,1.0
1573,164.0,49.0,1.0
1574,576.0,288.0,1.0
1575,403.0,151.0,1.0
1576,341.0,50.0,1.0
1577,543.0,312.0,1.0
1578,184.0,3.0,1.0
1579,197.0,79.0,1.0
1580,196.0,135.0,1.0
1581,49.0,102.0,1.0
1582,517.0,312.0,1.0
1583,559.0,177.0,1.0
1584,256.0,72.0,1.0
1585,404.0,241.0,1.0
1586,269.0,86.0,1.0
1587,320.0,20.0,1.0
1588,295.0,114.0,1.0
1589,171.0,155.0,1.0
1590,365.0,156.0,1.0
1591,283.0,311.0,1.0
1592,423.0,73.0,1.0
1593,159.0,87.0,1.0
1594,185.0,305.0,1.0
1595,490.0,241.0,1.0
1596,132.0,253.0,1.0
1597,56.0,174.0,1.0
1598,153.0,188.0,1.0
1599,225.0,206.0,1.0
1600,157.0,193.0,1.0
1601,579.0,241.0,1.0
1602,270.0,207.0,1.0
1603,98.0,210.0,1.0
1604,2.0,19.0,1.0
1605,113.0,86.0,1.0
1606,519.0,177.0,1.0
1607,68.0,299.0,1.0
1608,47.0,264.0,1.0
1609,419.0,66.0,1.0
1610,353.0,99.0,1.0
1611,138.0,87.0,1.0
1612,214.0,19.0,1.0
1613,87.0,52.0,1.0
1614,537.0,241.0,1.0
1615,460.0,241.0,1.0
1616,423.0,86.0,1.0
1617,416.0,257.0,1.0
1618,110.0,251.0,1.0
1619,524.0,261.0,1.0
1620,287.0,108.0,1.0
1621,426.0,312.0,1.0
1622,424.0,276.0,1.0
1623,218.0,162.0,1.0
1624,221.0,66.0,1.0
1625,377.0,62.0,1.0
1626,239.0,155.0,1.0
1627,171.0,104.0,1.0
1628,93.0,135.0,1.0
1629,381.0,146.0,1.0
1630,514.0,62.0,1.0
1631,360.0,250.0,1.0
1632,302.0,30.0,1.0
1633,231.0,293.0,1.0
1634,136.0,16.0,1.0
1635,89.0,58.0,1.0
1636,229.0,312.0,1.0
1637,286.0,312.0,1.0
1638,158.0,79.0,1.0
1639,154.0,174.0,1.0
1640,471.0,75.0,1.0
1641,368.0,14.0,1.0
1642,571.0,169.0,1.0
1643,521.0,15.0,1.0
1644,214.0,8.0,1.0
1645,78.0,2.0,1.0
1646,370.0,174.0,1.0
1647,259.0,84.0,1.0
1648,424.0,193.0,1.0
1649,491.0,239.0,1.0
1650,343.0,177.0,1.0
1651,464.0,230.0,1.0
1652,210.0,162.0,1.0
1653,309.0,115.0,1.0
1654,519.0,197.0,1.0
1655,169.0,64.0,1.0
1656,526.0,260.0,1.0
1657,13.0,154.0,1.0
1658,457.0,87.0,1.0
1659,151.0,31.0,1.0
1660,450.0,160.0,1.0
1661,29.0,41.0,1.0
1662,137.0,119.0,1.0
1663,154.0,6.0,1.0
1664,252.0,87.0,1.0
1665,528.0,149.0,1.0
1666,553.0,78.0,1.0
1667,144.0,21.0,1.0
1668,342.0,162.0,1.0
1669,209.0,18.0,1.0
1670,255.0,199.0,1.0
1671,259.0,206.0,1.0
1672,212.0,204.0,1.0
1673,135.0,161.0,1.0
1674,481.0,265.0,1.0
1675,225.0,48.0,1.0
1676,213.0,312.0,1.0
1677,242.0,161.0,1.0
1678,212.0,219.0,1.0
1679,457.0,307.0,1.0
1680,92.0,312.0,1.0
1681,446.0,214.0,1.0
1682,434.0,232.0,1.0
1683,81.0,274.0,1.0
1684,287.0,190.0,1.0
1685,257.0,114.0,1.0
1686,381.0,163.0,1.0
1687,225.0,193.0,1.0
1688,463.0,177.0,1.0
1689,42.0,108.0,1.0
1690,253.0,108.0,1.0
1691,527.0,86.0,1.0
1692,143.0,250.0,1.0
1693,327.0,310.0,1.0
1694,97.0,79.0,1.0
1695,397.0,66.0,1.0
1696,530.0,109.0,1.0
1697,509.0,118.0,1.0
1698,425.0,102.0,1.0
1699,574.0,69.0,1.0
1700,288.0,206.0,1.0
1701,582.0,132.0,1.0
1702,453.0,135.0,1.0
1703,420.0,8.0,1.0
1704,138.0,83.0,1.0
1705,526.0,292.0,1.0
1706,466.0,86.0,1.0
1707,439.0,14.0,1.0
1708,51.0,162.0,1.0
1709,316.0,241.0,1.0
1710,213.0,108.0,1.0
1711,424.0,143.0,1.0
1712,331.0,112.0,1.0
1713,200.0,108.0,1.0
1714,145.0,241.0,1.0
1715,371.0,79.0,1.0
1716,436.0,284.0,1.0
1717,322.0,269.0,1.0
1718,257.0,3.0,1.0
1719,226.0,1.0,1.0
1720,305.0,37.0,1.0
1721,441.0,82.0,1.0
1722,498.0,22.0,1.0
1723,382.0,265.0,1.0
1724,160.0,312.0,1.0
1725,328.0,234.0,1.0
1726,172.0,86.0,1.0
1727,456.0,117.0,1.0
1728,430.0,98.0,1.0
1729,456.0,1.0,1.0
1730,252.0,133.0,1.0
1731,433.0,112.0,1.0
1732,538.0,118.0,1.0
1733,135.0,156.0,1.0
1734,198.0,307.0,1.0
1735,349.0,287.0,1.0
1736,437.0,69.0,1.0
1737,123.0,108.0,1.0
1738,289.0,71.0,1.0
1739,368.0,13.0,0.0
1740,380.0,255.0,0.0
1741,545.0,28.0,0.0
1742,313.0,236.0,0.0
1743,575.0,213.0,0.0
1744,588.0,248.0,0.0
1745,543.0,154.0,0.0
1746,402.0,3.0,0.0
1747,393.0,177.0,0.0
1748,301.0,148.0,0.0
1749,582.0,154.0,0.0
1750,132.0,131.0,0.0
1751,138.0,251.0,0.0
1752,213.0,21.0,0.0
1753,368.0,190.0,0.0
1754,478.0,260.0,0.0
1755,581.0,232.0,0.0
1756,552.0,287.0,0.0
1757,439.0,139.0,0.0
1758,351.0,167.0,0.0
1759,300.0,302.0,0.0
1760,278.0,273.0,0.0
1761,359.0,188.0,0.0
1762,400.0,302.0,0.0
1763,479.0,236.0,0.0
1764,387.0,228.0,0.0
1765,553.0,219.0,0.0
1766,252.0,85.0,0.0
1767,309.0,277.0,0.0
1768,12.0,191.0,0.0
1769,504.0,207.0,0.0
1770,205.0,55.0,0.0
1771,474.0,163.0,0.0
1772,530.0,61.0,0.0
1773,398.0,10.0,0.0
1774,173.0,306.0,0.0
1775,113.0,219.0,0.0
1776,424.0,142.0,0.0
1777,434.0,130.0,0.0
1778,575.0,219.0,0.0
1779,211.0,288.0,0.0
1780,466.0,234.0,0.0
1781,306.0,83.0,0.0
1782,38.0,152.0,0.0
1783,387.0,7.0,0.0
1784,456.0,238.0,0.0
1785,446.0,244.0,0.0
1786,157.0,176.0,0.0
1787,369.0,289.0,0.0
1788,522.0,45.0,0.0
1789,77.0,124.0,0.0
1790,522.0,199.0,0.0
1791,314.0,137.0,0.0
1792,166.0,58.0,0.0
1793,407.0,62.0,0.0
1794,246.0,217.0,0.0
1795,573.0,105.0,0.0
1796,334.0,190.0,0.0
1797,479.0,164.0,0.0
1798,260.0,257.0,0.0
1799,13.0,177.0,0.0
1800,56.0,86.0,0.0
1801,69.0,283.0,0.0
1802,331.0,143.0,0.0
1803,333.0,75.0,0.0
1804,295.0,72.0,0.0
1805,516.0,20.0,0.0
1806,394.0,8.0,0.0
1807,180.0,211.0,0.0
1808,108.0,133.0,0.0
1809,115.0,6.0,0.0
1810,14.0,48.0,0.0
1811,214.0,305.0,0.0
1812,470.0,136.0,0.0
1813,512.0,188.0,0.0
1814,203.0,210.0,0.0
1815,514.0,135.0,0.0
1816,198.0,163.0,0.0
1817,121.0,230.0,0.0
1818,498.0,115.0,0.0
1819,309.0,108.0,0.0
1820,461.0,310.0,0.0
1821,515.0,176.0,0.0
1822,472.0,271.0,0.0
1823,591.0,237.0,0.0
1824,298.0,212.0,0.0
1825,132.0,57.0,0.0
1826,411.0,161.0,0.0
1827,576.0,52.0,0.0
1828,205.0,42.0,0.0
1829,431.0,222.0,0.0
1830,172.0,258.0,0.0
1831,262.0,72.0,0.0
1832,125.0,66.0,0.0
1833,518.0,260.0,0.0
1834,504.0,178.0,0.0
1835,220.0,258.0,0.0
1836,315.0,282.0,0.0
1837,222.0,26.0,0.0
1838,145.0,246.0,0.0
1839,291.0,262.0,0.0
1840,497.0,87.0,0.0
1841,158.0,134.0,0.0
1842,338.0,71.0,0.0
1843,490.0,225.0,0.0
1844,420.0,156.0,0.0
1845,2.0,243.0,0.0
1846,5.0,136.0,0.0
1847,326.0,48.0,0.0
1848,288.0,311.0,0.0
1849,569.0,192.0,0.0
1850,576.0,180.0,0.0
1851,129.0,67.0,0.0
1852,364.0,158.0,0.0
1853,555.0,114.0,0.0
1854,389.0,261.0,0.0
1855,109.0,142.0,0.0
1856,393.0,266.0,0.0
1857,367.0,0.0,0.0
1858,84.0,277.0,0.0
1859,2.0,192.0,0.0
1860,238.0,16.0,0.0
1861,230.0,151.0,0.0
1862,575.0,118.0,0.0
1863,278.0,126.0,0.0
1864,147.0,55.0,0.0
1865,458.0,71.0,0.0
1866,342.0,278.0,0.0
1867,475.0,72.0,0.0
1868,476.0,198.0,0.0
1869,42.0,257.0,0.0
1870,456.0,54.0,0.0
1871,58.0,174.0,0.0
1872,551.0,131.0,0.0
1873,368.0,44.0,0.0
1874,162.0,236.0,0.0
1875,438.0,262.0,0.0
1876,283.0,92.0,0.0
1877,264.0,166.0,0.0
1878,167.0,221.0,0.0
1879,41.0,76.0,0.0
1880,584.0,3.0,0.0
1881,86.0,173.0,0.0
1882,437.0,89.0,0.0
1883,257.0,281.0,0.0
1884,154.0,136.0,0.0
1885,480.0,262.0,0.0
1886,565.0,67.0,0.0
1887,11.0,51.0,0.0
1888,565.0,235.0,0.0
1889,232.0,141.0,0.0
1890,543.0,49.0,0.0
1891,333.0,4.0,0.0
1892,547.0,206.0,0.0
1893,466.0,64.0,0.0
1894,108.0,303.0,0.0
1895,325.0,157.0,0.0
1896,229.0,204.0,0.0
1897,91.0,297.0,0.0
1898,185.0,4.0,0.0
1899,32.0,274.0,0.0
1900,177.0,129.0,0.0
1901,76.0,308.0,0.0
1902,230.0,3.0,0.0
1903,104.0,218.0,0.0
1904,406.0,42.0,0.0
1905,58.0,50.0,0.0
1906,183.0,146.0,0.0
1907,312.0,200.0,0.0
1908,439.0,308.0,0.0
1909,159.0,123.0,0.0
1910,466.0,280.0,0.0
1911,413.0,127.0,0.0
1912,84.0,24.0,0.0
1913,244.0,283.0,0.0
1914,76.0,199.0,0.0
1915,474.0,92.0,0.0
1916,182.0,46.0,0.0
1917,336.0,284.0,0.0
1918,300.0,200.0,0.0
1919,301.0,162.0,0.0
1920,546.0,53.0,0.0
1921,381.0,174.0,0.0
1922,482.0,93.0,0.0
1923,518.0,308.0,0.0
1924,265.0,39.0,0.0
1925,232.0,248.0,0.0
1926,358.0,67.0,0.0
1927,303.0,26.0,0.0
1928,259.0,109.0,0.0
1929,171.0,203.0,0.0
1930,423.0,106.0,0.0
1931,502.0,302.0,0.0
1932,463.0,252.0,0.0
1933,299.0,9.0,0.0
1934,498.0,77.0,0.0
1935,124.0,66.0,0.0
1936,99.0,312.0,0.0
1937,282.0,140.0,0.0
1938,163.0,159.0,0.0
1939,411.0,6.0,0.0
1940,544.0,262.0,0.0
1941,448.0,295.0,0.0
1942,219.0,125.0,0.0
1943,218.0,42.0,0.0
1944,65.0,10.0,0.0
1945,149.0,128.0,0.0
1946,459.0,234.0,0.0
1947,108.0,187.0,0.0
1948,74.0,137.0,0.0
1949,185.0,2.0,0.0
1950,31.0,245.0,0.0
1951,324.0,109.0,0.0
1952,361.0,74.0,0.0
1953,281.0,238.0,0.0
1954,202.0,269.0,0.0
1955,485.0,251.0,0.0
1956,132.0,157.0,0.0
1957,383.0,237.0,0.0
1958,571.0,84.0,0.0
1959,539.0,110.0,0.0
1960,482.0,71.0,0.0
1961,340.0,80.0,0.0
1962,322.0,302.0,0.0
1963,231.0,183.0,0.0
1964,5.0,98.0,0.0
1965,118.0,55.0,0.0
1966,99.0,15.0,0.0
1967,542.0,25.0,0.0
1968,187.0,23.0,0.0
1969,366.0,121.0,0.0
1970,136.0,186.0,0.0
1971,203.0,165.0,0.0
1972,237.0,188.0,0.0
1973,308.0,127.0,0.0
1974,363.0,83.0,0.0
1975,466.0,296.0,0.0
1976,467.0,136.0,0.0
1977,534.0,153.0,0.0
1978,186.0,128.0,0.0
1979,290.0,18.0,0.0
1980,1.0,96.0,0.0
1981,152.0,65.0,0.0
1982,374.0,265.0,0.0
1983,140.0,251.0,0.0
1984,251.0,50.0,0.0
1985,186.0,94.0,0.0
1986,150.0,268.0,0.0
1987,171.0,147.0,0.0
1988,55.0,76.0,0.0
1989,482.0,77.0,0.0
1990,229.0,186.0,0.0
1991,202.0,51.0,0.0
1992,306.0,274.0,0.0
1993,310.0,305.0,0.0
1994,468.0,294.0,0.0
1995,437.0,186.0,0.0
1996,227.0,52.0,0.0
1997,100.0,265.0,0.0
1998,361.0,290.0,0.0
1999,442.0,102.0,0.0
2000,122.0,244.0,0.0
2001,128.0,307.0,0.0
2002,562.0,192.0,0.0
2003,184.0,244.0,0.0
2004,47.0,229.0,0.0
2005,572.0,149.0,0.0
2006,222.0,91.0,0.0
2007,329.0,289.0,0.0
2008,62.0,32.0,0.0
2009,0.0,125.0,0.0
2010,50.0,83.0,0.0
2011,207.0,83.0,0.0
2012,250.0,14.0,0.0
2013,301.0,168.0,0.0
2014,112.0,272.0,0.0
2015,563.0,206.0,0.0
2016,14.0,181.0,0.0
2017,112.0,156.0,0.0
2018,403.0,166.0,0.0
2019,10.0,210.0,0.0
2020,88.0,239.0,0.0
2021,311.0,143.0,0.0
2022,559.0,300.0,0.0
2023,151.0,53.0,0.0
2024,47.0,276.0,0.0
2025,421.0,240.0,0.0
2026,145.0,177.0,0.0
2027,416.0,308.0,0.0
2028,502.0,66.0,0.0
2029,133.0,6.0,0.0
2030,369.0,188.0,0.0
2031,527.0,47.0,0.0
2032,107.0,53.0,0.0
2033,562.0,55.0,0.0
2034,70.0,94.0,0.0
2035,134.0,45.0,0.0
2036,313.0,73.0,0.0
2037,435.0,283.0,0.0
2038,281.0,76.0,0.0
2039,429.0,260.0,0.0
2040,324.0,115.0,0.0
2041,161.0,157.0,0.0
2042,397.0,106.0,0.0
2043,148.0,66.0,0.0
2044,485.0,86.0,0.0
2045,66.0,19.0,0.0
2046,450.0,41.0,0.0
2047,448.0,227.0,0.0
2048,241.0,1.0,0.0
2049,453.0,32.0,0.0
2050,561.0,261.0,0.0
2051,55.0,268.0,0.0
2052,526.0,259.0,0.0
2053,131.0,55.0,0.0
2054,555.0,219.0,0.0
2055,84.0,79.0,0.0
2056,444.0,5.0,0.0
2057,153.0,172.0,0.0
2058,466.0,184.0,0.0
2059,325.0,40.0,0.0
2060,214.0,169.0,0.0
2061,238.0,150.0,0.0
2062,42.0,119.0,0.0
2063,4.0,181.0,0.0
2064,404.0,115.0,0.0
2065,47.0,85.0,0.0
2066,150.0,251.0,0.0
2067,123.0,79.0,0.0
2068,166.0,55.0,0.0
2069,177.0,16.0,0.0
2070,185.0,97.0,0.0
2071,259.0,144.0,0.0
2072,146.0,285.0,0.0
2073,465.0,140.0,0.0
2074,492.0,25.0,0.0
2075,506.0,308.0,0.0
2076,325.0,215.0,0.0
2077,537.0,51.0,0.0
2078,316.0,122.0,0.0
2079,227.0,244.0,0.0
2080,401.0,31.0,0.0
2081,315.0,6.0,0.0
2082,210.0,152.0,0.0
2083,182.0,288.0,0.0
2084,319.0,97.0,0.0
2085,584.0,128.0,0.0
2086,5.0,295.0,0.0
2087,315.0,194.0,0.0
2088,13.0,147.0,0.0
2089,2.0,32.0,0.0
2090,58.0,291.0,0.0
2091,95.0,95.0,0.0
2092,526.0,152.0,0.0
2093,469.0,165.0,0.0
2094,362.0,191.0,0.0
2095,16.0,29.0,0.0
2096,54.0,59.0,0.0
2097,113.0,176.0,0.0
2098,100.0,199.0,0.0
2099,456.0,92.0,0.0
2100,459.0,85.0,0.0
2101,498.0,139.0,0.0
2102,268.0,295.0,0.0
2103,162.0,161.0,0.0
2104,425.0,164.0,0.0
2105,197.0,81.0,0.0
2106,467.0,130.0,0.0
2107,366.0,311.0,0.0
2108,89.0,297.0,0.0
2109,519.0,123.0,0.0
2110,19.0,236.0,0.0
2111,207.0,95.0,0.0
2112,234.0,87.0,0.0
2113,170.0,293.0,0.0
2114,486.0,128.0,0.0
2115,235.0,110.0,0.0
2116,230.0,276.0,0.0
2117,403.0,174.0,0.0
2118,210.0,204.0,0.0
2119,393.0,108.0,0.0
2120,334.0,50.0,0.0
2121,231.0,233.0,0.0
2122,334.0,136.0,0.0
2123,370.0,228.0,0.0
2124,586.0,23.0,0.0
2125,54.0,225.0,0.0
2126,311.0,270.0,0.0
2127,475.0,288.0,0.0
2128,155.0,180.0,0.0
2129,536.0,16.0,0.0
2130,441.0,260.0,0.0
2131,510.0,145.0,0.0
2132,405.0,261.0,0.0
2133,399.0,215.0,0.0
2134,586.0,185.0,0.0
2135,537.0,55.0,0.0
2136,302.0,208.0,0.0
2137,448.0,309.0,0.0
2138,484.0,231.0,0.0
2139,353.0,26.0,0.0
2140,360.0,270.0,0.0
2141,413.0,271.0,0.0
2142,586.0,79.0,0.0
2143,250.0,26.0,0.0
2144,72.0,255.0,0.0
2145,131.0,82.0,0.0
2146,132.0,154.0,0.0
2147,429.0,290.0,0.0
2148,184.0,278.0,0.0
2149,5.0,270.0,0.0
2150,286.0,171.0,0.0
2151,248.0,137.0,0.0
2152,64.0,286.0,0.0
2153,234.0,54.0,0.0
2154,307.0,49.0,0.0
2155,218.0,138.0,0.0
2156,497.0,44.0,0.0
2157,174.0,150.0,0.0
2158,568.0,43.0,0.0
2159,467.0,33.0,0.0
2160,397.0,235.0,0.0
2161,395.0,150.0,0.0
2162,360.0,4.0,0.0
2163,487.0,214.0,0.0
2164,125.0,4.0,0.0
2165,367.0,168.0,0.0
2166,16.0,225.0,0.0
2167,376.0,41.0,0.0
2168,1.0,125.0,0.0
2169,144.0,7.0,0.0
2170,558.0,266.0,0.0
2171,326.0,294.0,0.0
2172,15.0,280.0,0.0
2173,322.0,158.0,0.0
2174,84.0,121.0,0.0
2175,512.0,109.0,0.0
2176,500.0,149.0,0.0
2177,11.0,1.0,0.0
2178,291.0,137.0,0.0
2179,258.0,8.0,0.0
2180,309.0,281.0,0.0
2181,591.0,244.0,0.0
2182,584.0,267.0,0.0
2183,50.0,227.0,0.0
2184,325.0,6.0,0.0
2185,285.0,160.0,0.0
2186,32.0,57.0,0.0
2187,157.0,98.0,0.0
2188,583.0,115.0,0.0
2189,68.0,214.0,0.0
2190,377.0,270.0,0.0
2191,395.0,38.0,0.0
2192,37.0,38.0,0.0
2193,561.0,178.0,0.0
2194,326.0,258.0,0.0
2195,523.0,44.0,0.0
2196,472.0,86.0,0.0
2197,109.0,116.0,0.0
2198,567.0,305.0,0.0
2199,186.0,33.0,0.0
2200,308.0,104.0,0.0
2201,396.0,82.0,0.0
2202,203.0,204.0,0.0
2203,458.0,260.0,0.0
2204,555.0,307.0,0.0
2205,468.0,147.0,0.0
2206,379.0,282.0,0.0
2207,242.0,269.0,0.0
2208,384.0,212.0,0.0
2209,409.0,241.0,0.0
2210,550.0,224.0,0.0
2211,233.0,298.0,0.0
2212,352.0,261.0,0.0
2213,383.0,253.0,0.0
2214,168.0,225.0,0.0
2215,483.0,199.0,0.0
2216,522.0,287.0,0.0
2217,150.0,61.0,0.0
2218,552.0,240.0,0.0
2219,503.0,178.0,0.0
2220,273.0,192.0,0.0
2221,158.0,80.0,0.0
2222,281.0,188.0,0.0
2223,205.0,271.0,0.0
2224,485.0,296.0,0.0
2225,415.0,309.0,0.0
2226,188.0,213.0,0.0
2227,518.0,53.0,0.0
2228,510.0,110.0,0.0
2229,385.0,247.0,0.0
2230,461.0,202.0,0.0
2231,517.0,3.0,0.0
2232,172.0,294.0,0.0
2233,55.0,114.0,0.0
2234,302.0,60.0,0.0
2235,578.0,290.0,0.0
2236,422.0,145.0,0.0
2237,177.0,140.0,0.0
2238,379.0,174.0,0.0
2239,424.0,118.0,0.0
2240,570.0,303.0,0.0
2241,154.0,60.0,0.0
2242,229.0,269.0,0.0
2243,468.0,174.0,0.0
2244,122.0,13.0,0.0
2245,339.0,22.0,0.0
2246,508.0,98.0,0.0
2247,108.0,55.0,0.0
2248,458.0,168.0,0.0
2249,288.0,97.0,0.0
2250,428.0,198.0,0.0
2251,508.0,75.0,0.0
2252,59.0,91.0,0.0
2253,72.0,64.0,0.0
2254,232.0,64.0,0.0
2255,183.0,172.0,0.0
2256,241.0,154.0,0.0
2257,256.0,1.0,0.0
2258,557.0,281.0,0.0
2259,434.0,228.0,0.0
2260,13.0,149.0,0.0
2261,199.0,132.0,0.0
2262,177.0,302.0,0.0
2263,292.0,141.0,0.0
2264,156.0,112.0,0.0
2265,219.0,264.0,0.0
2266,238.0,137.0,0.0
2267,304.0,49.0,0.0
2268,279.0,108.0,0.0
2269,21.0,86.0,0.0
2270,105.0,114.0,0.0
2271,426.0,306.0,0.0
2272,334.0,267.0,0.0
2273,356.0,25.0,0.0
2274,284.0,19.0,0.0
2275,416.0,35.0,0.0
2276,255.0,46.0,0.0
2277,491.0,90.0,0.0
2278,54.0,189.0,0.0
2279,424.0,128.0,0.0
2280,345.0,286.0,0.0
2281,235.0,300.0,0.0
2282,185.0,44.0,0.0
2283,557.0,60.0,0.0
2284,354.0,112.0,0.0
2285,196.0,198.0,0.0
2286,241.0,51.0,0.0
2287,588.0,161.0,0.0
2288,365.0,138.0,0.0
2289,189.0,44.0,0.0
2290,32.0,303.0,0.0
2291,19.0,194.0,0.0
2292,58.0,54.0,0.0
2293,393.0,17.0,0.0
2294,280.0,60.0,0.0
2295,19.0,234.0,0.0
2296,496.0,17.0,0.0
2297,254.0,139.0,0.0
2298,145.0,279.0,0.0
2299,292.0,280.0,0.0
2300,171.0,166.0,0.0
2301,159.0,108.0,0.0
2302,551.0,27.0,0.0
2303,204.0,73.0,0.0
2304,209.0,73.0,0.0
2305,538.0,73.0,0.0
2306,514.0,172.0,0.0
2307,325.0,170.0,0.0
2308,498.0,277.0,0.0
2309,205.0,93.0,0.0
2310,423.0,149.0,0.0
2311,218.0,29.0,0.0
2312,42.0,71.0,0.0
2313,197.0,16.0,0.0
2314,323.0,178.0,0.0
2315,58.0,226.0,0.0
2316,296.0,253.0,0.0
2317,280.0,1.0,0.0
2318,584.0,268.0,0.0
2319,316.0,80.0,0.0
2320,36.0,126.0,0.0
2321,431.0,271.0,0.0
2322,146.0,80.0,0.0
2323,6.0,158.0,0.0
2324,344.0,251.0,0.0
2325,571.0,238.0,0.0
2326,491.0,197.0,0.0
2327,94.0,258.0,0.0
2328,356.0,247.0,0.0
2329,136.0,82.0,0.0
2330,439.0,62.0,0.0
2331,332.0,56.0,0.0
2332,190.0,251.0,0.0
2333,74.0,183.0,0.0
2334,224.0,134.0,0.0
2335,281.0,120.0,0.0
2336,394.0,189.0,0.0
2337,384.0,19.0,0.0
2338,33.0,123.0,0.0
2339,554.0,184.0,0.0
2340,46.0,225.0,0.0
2341,81.0,170.0,0.0
2342,321.0,133.0,0.0
2343,576.0,259.0,0.0
2344,352.0,232.0,0.0
2345,131.0,206.0,0.0
2346,512.0,291.0,0.0
2347,144.0,310.0,0.0
2348,35.0,15.0,0.0
2349,584.0,10.0,0.0
2350,295.0,297.0,0.0
2351,16.0,305.0,0.0
2352,223.0,258.0,0.0
2353,581.0,133.0,0.0
2354,19.0,241.0,0.0
2355,30.0,71.0,0.0
2356,501.0,185.0,0.0
2357,126.0,145.0,0.0
2358,104.0,302.0,0.0
2359,231.0,130.0,0.0
2360,410.0,90.0,0.0
2361,130.0,136.0,0.0
2362,447.0,133.0,0.0
2363,321.0,145.0,0.0
2364,347.0,103.0,0.0
2365,425.0,163.0,0.0
2366,342.0,227.0,0.0
2367,367.0,62.0,0.0
2368,0.0,225.0,0.0
2369,482.0,252.0,0.0
2370,183.0,284.0,0.0
2371,286.0,52.0,0.0
2372,32.0,272.0,0.0
2373,403.0,184.0,0.0
2374,295.0,54.0,0.0
2375,65.0,312.0,0.0
2376,481.0,10.0,0.0
2377,61.0,221.0,0.0
2378,21.0,177.0,0.0
2379,447.0,111.0,0.0
2380,372.0,177.0,0.0
2381,159.0,83.0,0.0
2382,540.0,169.0,0.0
2383,151.0,65.0,0.0
2384,44.0,116.0,0.0
2385,170.0,73.0,0.0
2386,451.0,130.0,0.0
2387,268.0,229.0,0.0
2388,262.0,13.0,0.0
2389,244.0,280.0,0.0
2390,99.0,162.0,0.0
2391,26.0,165.0,0.0
2392,240.0,146.0,0.0
2393,451.0,263.0,0.0
2394,451.0,272.0,0.0
2395,392.0,177.0,0.0
2396,142.0,53.0,0.0
2397,77.0,135.0,0.0
2398,143.0,205.0,0.0
2399,193.0,193.0,0.0
2400,446.0,68.0,0.0
2401,522.0,229.0,0.0
2402,139.0,151.0,0.0
2403,280.0,161.0,0.0
2404,73.0,6.0,0.0
2405,526.0,95.0,0.0
2406,408.0,267.0,0.0
2407,475.0,253.0,0.0
2408,167.0,182.0,0.0
2409,81.0,180.0,0.0
2410,164.0,262.0,0.0
2411,175.0,3.0,0.0
2412,17.0,79.0,0.0
2413,584.0,175.0,0.0
2414,147.0,112.0,0.0
2415,405.0,310.0,0.0
2416,235.0,311.0,0.0
2417,419.0,249.0,0.0
2418,388.0,8.0,0.0
2419,9.0,190.0,0.0
2420,18.0,134.0,0.0
2421,30.0,50.0,0.0
2422,128.0,250.0,0.0
2423,329.0,58.0,0.0
2424,99.0,1.0,0.0
2425,94.0,159.0,0.0
2426,421.0,15.0,0.0
2427,178.0,53.0,0.0
2428,469.0,285.0,0.0
2429,442.0,168.0,0.0
2430,389.0,156.0,0.0
2431,173.0,289.0,0.0
2432,11.0,306.0,0.0
2433,171.0,52.0,0.0
2434,142.0,153.0,0.0
2435,140.0,83.0,0.0
2436,429.0,1.0,0.0
2437,583.0,130.0,0.0
2438,16.0,32.0,0.0
2439,1.0,88.0,0.0
2440,375.0,184.0,0.0
2441,102.0,52.0,0.0
2442,204.0,242.0,0.0
2443,216.0,285.0,0.0
2444,571.0,107.0,0.0
2445,150.0,25.0,0.0
2446,430.0,242.0,0.0
2447,438.0,180.0,0.0
2448,102.0,68.0,0.0
2449,472.0,305.0,0.0
2450,184.0,254.0,0.0
2451,332.0,198.0,0.0
2452,510.0,136.0,0.0
2453,550.0,233.0,0.0
2454,145.0,59.0,0.0
2455,50.0,203.0,0.0
2456,501.0,63.0,0.0
2457,550.0,248.0,0.0
2458,273.0,256.0,0.0
2459,458.0,186.0,0.0
2460,425.0,276.0,0.0
2461,148.0,173.0,0.0
2462,344.0,89.0,0.0
2463,262.0,169.0,0.0
2464,480.0,76.0,0.0
2465,85.0,292.0,0.0
2466,82.0,303.0,0.0
2467,359.0,199.0,0.0
2468,291.0,220.0,0.0
2469,410.0,153.0,0.0
2470,566.0,170.0,0.0
2471,42.0,10.0,0.0
2472,47.0,203.0,0.0
2473,334.0,292.0,0.0
2474,363.0,172.0,0.0
2475,398.0,12.0,0.0
2476,152.0,14.0,0.0
2477,140.0,80.0,0.0
2478,32.0,10.0,0.0
2479,509.0,202.0,0.0
2480,480.0,21.0,0.0
2481,167.0,234.0,0.0
2482,53.0,196.0,0.0
2483,400.0,296.0,0.0
2484,367.0,19.0,0.0
2485,412.0,236.0,0.0
2486,377.0,293.0,0.0
2487,587.0,89.0,0.0
2488,122.0,184.0,0.0
2489,495.0,216.0,0.0
2490,182.0,112.0,0.0
2491,447.0,100.0,0.0
2492,7.0,200.0,0.0
2493,29.0,67.0,0.0
2494,278.0,310.0,0.0
2495,197.0,240.0,0.0
2496,185.0,130.0,0.0
2497,349.0,91.0,0.0
2498,397.0,250.0,0.0
2499,500.0,101.0,0.0
2500,420.0,79.0,0.0
2501,347.0,47.0,0.0
2502,121.0,150.0,0.0
2503,499.0,177.0,0.0
2504,499.0,10.0,0.0
2505,385.0,254.0,0.0
2506,573.0,304.0,0.0
2507,403.0,215.0,0.0
2508,583.0,157.0,0.0
2509,553.0,43.0,0.0
2510,224.0,308.0,0.0
2511,442.0,240.0,0.0
2512,498.0,43.0,0.0
2513,568.0,80.0,0.0
2514,175.0,32.0,0.0
2515,347.0,168.0,0.0
2516,434.0,21.0,0.0
2517,391.0,257.0,0.0
2518,383.0,175.0,0.0
2519,16.0,34.0,0.0
2520,288.0,175.0,0.0
2521,412.0,44.0,0.0
2522,189.0,257.0,0.0
2523,474.0,110.0,0.0
2524,51.0,255.0,0.0
2525,97.0,48.0,0.0
2526,469.0,261.0,0.0
2527,373.0,2.0,0.0
2528,498.0,89.0,0.0
2529,31.0,207.0,0.0
2530,468.0,279.0,0.0
2531,479.0,13.0,0.0
2532,459.0,227.0,0.0
2533,348.0,77.0,0.0
2534,395.0,263.0,0.0
2535,163.0,205.0,0.0
2536,325.0,220.0,0.0
2537,129.0,119.0,0.0
2538,345.0,257.0,0.0
2539,441.0,86.0,0.0
2540,17.0,27.0,0.0
2541,569.0,257.0,0.0
2542,166.0,25.0,0.0
2543,242.0,4.0,0.0
2544,132.0,45.0,0.0
2545,128.0,288.0,0.0
2546,105.0,117.0,0.0
2547,495.0,51.0,0.0
2548,176.0,259.0,0.0
2549,326.0,113.0,0.0
2550,481.0,190.0,0.0
2551,445.0,144.0,0.0
2552,440.0,219.0,0.0
2553,142.0,286.0,0.0
2554,470.0,55.0,0.0
2555,317.0,254.0,0.0
2556,224.0,75.0,0.0
2557,13.0,99.0,0.0
2558,469.0,271.0,0.0
2559,236.0,310.0,0.0
2560,436.0,39.0,0.0
2561,522.0,110.0,0.0
2562,334.0,249.0,0.0
2563,521.0,263.0,0.0
2564,274.0,26.0,0.0
2565,65.0,133.0,0.0
2566,340.0,234.0,0.0
2567,480.0,70.0,0.0
2568,353.0,22.0,0.0
2569,50.0,282.0,0.0
2570,183.0,250.0,0.0
2571,195.0,6.0,0.0
2572,455.0,171.0,0.0
2573,54.0,99.0,0.0
2574,440.0,177.0,0.0
2575,219.0,302.0,0.0
2576,519.0,265.0,0.0
2577,281.0,121.0,0.0
2578,501.0,302.0,0.0
2579,3.0,51.0,0.0
2580,516.0,53.0,0.0
2581,475.0,231.0,0.0
2582,173.0,193.0,0.0
2583,18.0,295.0,0.0
2584,335.0,59.0,0.0
2585,200.0,133.0,0.0
2586,83.0,164.0,0.0
2587,329.0,86.0,0.0
2588,69.0,33.0,0.0
2589,42.0,136.0,0.0
2590,241.0,288.0,0.0
2591,130.0,129.0,0.0
2592,312.0,209.0,0.0
2593,389.0,24.0,0.0
2594,100.0,262.0,0.0
2595,30.0,226.0,0.0
2596,378.0,247.0,0.0
2597,182.0,12.0,0.0
2598,408.0,69.0,0.0
2599,588.0,295.0,0.0
2600,519.0,209.0,0.0
2601,389.0,283.0,0.0
2602,131.0,49.0,0.0
2603,250.0,166.0,0.0
2604,314.0,91.0,0.0
2605,2.0,298.0,0.0
2606,304.0,171.0,0.0
2607,295.0,192.0,0.0
2608,528.0,101.0,0.0
2609,311.0,249.0,0.0
2610,345.0,256.0,0.0
2611,347.0,257.0,0.0
2612,256.0,36.0,0.0
2613,402.0,289.0,0.0
2614,309.0,231.0,0.0
2615,504.0,92.0,0.0
2616,342.0,268.0,0.0
2617,35.0,197.0,0.0
2618,194.0,306.0,0.0
2619,296.0,273.0,0.0
2620,466.0,295.0,0.0
2621,125.0,78.0,0.0
2622,333.0,189.0,0.0
2623,73.0,176.0,0.0
2624,176.0,215.0,0.0
2625,583.0,138.0,0.0
2626,266.0,39.0,0.0
2627,251.0,205.0,0.0
2628,37.0,106.0,0.0
2629,218.0,267.0,0.0
2630,446.0,308.0,0.0
2631,392.0,37.0,0.0
2632,244.0,190.0,0.0
2633,537.0,255.0,0.0
2634,94.0,85.0,0.0
2635,486.0,139.0,0.0
2636,309.0,243.0,0.0
2637,359.0,264.0,0.0
2638,172.0,124.0,0.0
2639,483.0,181.0,0.0
2640,148.0,13.0,0.0
2641,260.0,275.0,0.0
2642,23.0,289.0,0.0
2643,290.0,159.0,0.0
2644,392.0,156.0,0.0
2645,2.0,138.0,0.0
2646,355.0,92.0,0.0
2647,301.0,240.0,0.0
2648,348.0,46.0,0.0
2649,413.0,143.0,0.0
2650,94.0,143.0,0.0
2651,60.0,192.0,0.0
2652,552.0,279.0,0.0
2653,93.0,206.0,0.0
2654,494.0,248.0,0.0
2655,46.0,258.0,0.0
2656,302.0,50.0,0.0
2657,356.0,210.0,0.0
2658,80.0,308.0,0.0
2659,4.0,135.0,0.0
2660,501.0,282.0,0.0
2661,534.0,139.0,0.0
2662,583.0,0.0,0.0
2663,396.0,202.0,0.0
2664,317.0,65.0,0.0
2665,15.0,101.0,0.0
2666,54.0,69.0,0.0
2667,183.0,25.0,0.0
2668,135.0,191.0,0.0
2669,318.0,89.0,0.0
2670,229.0,271.0,0.0
2671,567.0,78.0,0.0
2672,264.0,150.0,0.0
2673,159.0,309.0,0.0
2674,132.0,263.0,0.0
2675,515.0,180.0,0.0
2676,33.0,142.0,0.0
2677,200.0,254.0,0.0
2678,446.0,103.0,0.0
2679,247.0,121.0,0.0
2680,240.0,109.0,0.0
2681,98.0,101.0,0.0
2682,365.0,277.0,0.0
2683,233.0,124.0,0.0
2684,536.0,158.0,0.0
2685,506.0,240.0,0.0
2686,322.0,132.0,0.0
2687,541.0,9.0,0.0
2688,89.0,175.0,0.0
2689,216.0,132.0,0.0
2690,269.0,156.0,0.0
2691,383.0,34.0,0.0
2692,455.0,233.0,0.0
2693,443.0,129.0,0.0
2694,161.0,69.0,0.0
2695,360.0,85.0,0.0
2696,242.0,95.0,0.0
2697,9.0,174.0,0.0
2698,323.0,265.0,0.0
2699,574.0,112.0,0.0
2700,465.0,60.0,0.0
2701,302.0,42.0,0.0
2702,472.0,59.0,0.0
2703,14.0,303.0,0.0
2704,95.0,32.0,0.0
2705,494.0,152.0,0.0
2706,552.0,16.0,0.0
2707,183.0,1.0,0.0
2708,112.0,250.0,0.0
2709,243.0,181.0,0.0
2710,73.0,225.0,0.0
2711,155.0,225.0,0.0
2712,171.0,273.0,0.0
2713,234.0,103.0,0.0
2714,400.0,98.0,0.0
2715,276.0,6.0,0.0
2716,143.0,252.0,0.0
2717,167.0,295.0,0.0
2718,591.0,141.0,0.0
2719,430.0,299.0,0.0
2720,308.0,224.0,0.0
2721,167.0,279.0,0.0
2722,354.0,298.0,0.0
2723,272.0,6.0,0.0
2724,131.0,127.0,0.0
2725,435.0,238.0,0.0
2726,133.0,5.0,0.0
2727,313.0,275.0,0.0
2728,446.0,291.0,0.0
2729,2.0,207.0,0.0
2730,465.0,99.0,0.0
2731,443.0,119.0,0.0
2732,242.0,53.0,0.0
2733,118.0,164.0,0.0
2734,190.0,117.0,0.0
2735,45.0,50.0,0.0
2736,71.0,156.0,0.0
2737,122.0,58.0,0.0
2738,21.0,289.0,0.0
2739,71.0,203.0,0.0
2740,49.0,148.0,0.0
2741,247.0,55.0,0.0
2742,387.0,97.0,0.0
2743,270.0,66.0,0.0
2744,356.0,89.0,0.0
2745,588.0,205.0,0.0
2746,588.0,307.0,0.0
2747,283.0,180.0,0.0
2748,567.0,128.0,0.0
2749,535.0,25.0,0.0
2750,380.0,132.0,0.0
2751,320.0,100.0,0.0
2752,131.0,9.0,0.0
2753,30.0,174.0,0.0
2754,407.0,214.0,0.0
2755,34.0,174.0,0.0
2756,236.0,209.0,0.0
2757,146.0,245.0,0.0
2758,585.0,70.0,0.0
2759,507.0,35.0,0.0
2760,219.0,105.0,0.0
2761,223.0,261.0,0.0
2762,32.0,270.0,0.0
2763,77.0,130.0,0.0
2764,410.0,254.0,0.0
2765,524.0,276.0,0.0
2766,144.0,180.0,0.0
2767,240.0,177.0,0.0
2768,341.0,223.0,0.0
2769,110.0,153.0,0.0
2770,220.0,11.0,0.0
2771,10.0,126.0,0.0
2772,67.0,150.0,0.0
2773,273.0,306.0,0.0
2774,70.0,210.0,0.0
2775,104.0,164.0,0.0
2776,89.0,122.0,0.0
2777,213.0,18.0,0.0
2778,309.0,18.0,0.0
2779,239.0,309.0,0.0
2780,447.0,197.0,0.0
2781,24.0,192.0,0.0
2782,11.0,131.0,0.0
2783,448.0,34.0,0.0
2784,445.0,85.0,0.0
2785,97.0,72.0,0.0
2786,251.0,256.0,0.0
2787,474.0,79.0,0.0
2788,357.0,282.0,0.0
2789,169.0,30.0,0.0
2790,436.0,287.0,0.0
2791,54.0,206.0,0.0
2792,376.0,0.0,0.0
2793,370.0,208.0,0.0
2794,299.0,145.0,0.0
2795,392.0,83.0,0.0
2796,560.0,266.0,0.0
2797,96.0,216.0,0.0
2798,270.0,16.0,0.0
2799,323.0,160.0,0.0
2800,99.0,259.0,0.0
2801,148.0,114.0,0.0
2802,178.0,140.0,0.0
2803,1.0,126.0,0.0
2804,591.0,215.0,0.0
2805,415.0,235.0,0.0
2806,447.0,227.0,0.0
2807,199.0,98.0,0.0
2808,59.0,23.0,0.0
2809,267.0,285.0,0.0
2810,240.0,34.0,0.0
2811,90.0,1.0,0.0
2812,122.0,272.0,0.0
2813,435.0,6.0,0.0
2814,51.0,237.0,0.0
2815,319.0,129.0,0.0
2816,105.0,116.0,0.0
2817,533.0,205.0,0.0
2818,263.0,24.0,0.0
2819,307.0,18.0,0.0
2820,81.0,86.0,0.0
2821,463.0,190.0,0.0
2822,244.0,207.0,0.0
2823,71.0,279.0,0.0
2824,48.0,55.0,0.0
2825,533.0,85.0,0.0
2826,399.0,143.0,0.0
2827,233.0,164.0,0.0
2828,26.0,10.0,0.0
2829,245.0,218.0,0.0
2830,459.0,65.0,0.0
2831,444.0,219.0,0.0
2832,128.0,212.0,0.0
2833,402.0,52.0,0.0
2834,473.0,167.0,0.0
2835,279.0,268.0,0.0
2836,366.0,76.0,0.0
2837,467.0,47.0,0.0
2838,512.0,137.0,0.0
2839,325.0,130.0,0.0
2840,255.0,67.0,0.0
2841,178.0,168.0,0.0
2842,98.0,246.0,0.0
2843,359.0,308.0,0.0
2844,336.0,100.0,0.0
2845,576.0,40.0,0.0
2846,143.0,118.0,0.0
2847,38.0,260.0,0.0
2848,169.0,194.0,0.0
2849,214.0,127.0,0.0
2850,104.0,227.0,0.0
2851,68.0,219.0,0.0
2852,81.0,216.0,0.0
2853,486.0,2.0,0.0
2854,275.0,64.0,0.0
2855,92.0,147.0,0.0
2856,31.0,30.0,0.0
2857,87.0,86.0,0.0
2858,398.0,87.0,0.0
2859,580.0,279.0,0.0
2860,227.0,155.0,0.0
2861,291.0,27.0,0.0
2862,271.0,121.0,0.0
2863,465.0,181.0,0.0
2864,588.0,125.0,0.0
2865,478.0,220.0,0.0
2866,334.0,14.0,0.0
2867,580.0,79.0,0.0
2868,231.0,74.0,0.0
2869,364.0,188.0,0.0
2870,574.0,88.0,0.0
2871,332.0,47.0,0.0
2872,375.0,148.0,0.0
2873,372.0,85.0,0.0
2874,538.0,8.0,0.0
2875,48.0,223.0,0.0
2876,285.0,59.0,0.0
2877,94.0,140.0,0.0
2878,496.0,182.0,0.0
2879,500.0,120.0,0.0
2880,221.0,140.0,0.0
2881,461.0,232.0,0.0
2882,348.0,69.0,0.0
2883,552.0,18.0,0.0
2884,108.0,10.0,0.0
2885,577.0,308.0,0.0
2886,159.0,182.0,0.0
2887,327.0,295.0,0.0
2888,114.0,0.0,0.0
2889,545.0,14.0,0.0
2890,90.0,89.0,0.0
2891,362.0,153.0,0.0
2892,589.0,255.0,0.0
2893,360.0,228.0,0.0
2894,203.0,291.0,0.0
2895,336.0,14.0,0.0
2896,111.0,276.0,0.0
2897,543.0,58.0,0.0
2898,65.0,274.0,0.0
2899,110.0,63.0,0.0
2900,147.0,3.0,0.0
2901,79.0,247.0,0.0
2902,200.0,268.0,0.0
2903,575.0,308.0,0.0
2904,287.0,152.0,0.0
2905,182.0,5.0,0.0
2906,33.0,274.0,0.0
2907,551.0,122.0,0.0
2908,189.0,267.0,0.0
2909,150.0,277.0,0.0
2910,275.0,209.0,0.0
2911,195.0,107.0,0.0
2912,156.0,42.0,0.0
2913,292.0,125.0,0.0
2914,422.0,111.0,0.0
2915,547.0,271.0,0.0
2916,473.0,62.0,0.0
2917,565.0,238.0,0.0
2918,123.0,23.0,0.0
2919,228.0,162.0,0.0
2920,508.0,251.0,0.0
2921,66.0,52.0,0.0
2922,269.0,73.0,0.0
2923,253.0,3.0,0.0
2924,589.0,123.0,0.0
2925,383.0,105.0,0.0
2926,357.0,268.0,0.0
2927,263.0,206.0,0.0
2928,447.0,32.0,0.0
2929,282.0,257.0,0.0
2930,239.0,182.0,0.0
2931,349.0,160.0,0.0
2932,261.0,109.0,0.0
2933,147.0,206.0,0.0
2934,55.0,282.0,0.0
2935,409.0,22.0,0.0
2936,374.0,201.0,0.0
2937,248.0,270.0,0.0
2938,315.0,28.0,0.0
2939,92.0,132.0,0.0
2940,474.0,168.0,0.0
2941,559.0,57.0,0.0
2942,517.0,87.0,0.0
2943,333.0,135.0,0.0
2944,448.0,0.0,0.0
2945,61.0,187.0,0.0
2946,58.0,82.0,0.0
2947,409.0,106.0,0.0
2948,321.0,269.0,0.0
2949,173.0,230.0,0.0
2950,412.0,91.0,0.0
2951,531.0,220.0,0.0
2952,332.0,279.0,0.0
2953,439.0,112.0,0.0
2954,226.0,270.0,0.0
2955,348.0,257.0,0.0
2956,562.0,101.0,0.0
2957,401.0,92.0,0.0
2958,118.0,12.0,0.0
2959,238.0,79.0,0.0
2960,260.0,283.0,0.0
2961,550.0,263.0,0.0
2962,361.0,260.0,0.0
2963,15.0,187.0,0.0
2964,523.0,267.0,0.0
2965,559.0,107.0,0.0
2966,558.0,102.0,0.0
2967,419.0,311.0,0.0
2968,353.0,222.0,0.0
2969,408.0,55.0,0.0
2970,172.0,256.0,0.0
2971,371.0,214.0,0.0
2972,428.0,108.0,0.0
2973,311.0,68.0,0.0
2974,539.0,183.0,0.0
2975,328.0,146.0,0.0
2976,502.0,283.0,0.0
2977,519.0,191.0,0.0
2978,392.0,58.0,0.0
2979,504.0,240.0,0.0
2980,418.0,250.0,0.0
2981,467.0,233.0,0.0
2982,226.0,149.0,0.0
2983,84.0,105.0,0.0
2984,456.0,13.0,0.0
2985,371.0,267.0,0.0
2986,549.0,243.0,0.0
2987,458.0,48.0,0.0
2988,443.0,215.0,0.0
2989,167.0,107.0,0.0
2990,438.0,44.0,0.0
2991,88.0,157.0,0.0
2992,195.0,86.0,0.0
2993,166.0,283.0,0.0
2994,338.0,147.0,0.0
2995,331.0,222.0,0.0
2996,383.0,140.0,0.0
2997,106.0,195.0,0.0
2998,57.0,283.0,0.0
2999,427.0,7.0,0.0
3000,288.0,194.0,0.0
3001,317.0,119.0,0.0
3002,506.0,108.0,0.0
3003,471.0,186.0,0.0
3004,387.0,30.0,0.0
3005,265.0,211.0,0.0
3006,251.0,276.0,0.0
3007,40.0,255.0,0.0
3008,568.0,139.0,0.0
3009,241.0,196.0,0.0
3010,138.0,253.0,0.0
3011,398.0,27.0,0.0
3012,32.0,31.0,0.0
3013,590.0,223.0,0.0
3014,376.0,29.0,0.0
3015,343.0,107.0,0.0
3016,459.0,213.0,0.0
3017,484.0,250.0,0.0
3018,293.0,179.0,0.0
3019,547.0,60.0,0.0
3020,183.0,204.0,0.0
3021,497.0,138.0,0.0
3022,444.0,280.0,0.0
3023,9.0,144.0,0.0
3024,121.0,216.0,0.0
3025,24.0,217.0,0.0
3026,160.0,78.0,0.0
3027,205.0,82.0,0.0
3028,174.0,278.0,0.0
3029,177.0,106.0,0.0
3030,171.0,144.0,0.0
3031,479.0,154.0,0.0
3032,530.0,156.0,0.0
3033,76.0,170.0,0.0
3034,277.0,79.0,0.0
3035,188.0,23.0,0.0
3036,445.0,28.0,0.0
3037,62.0,117.0,0.0
3038,2.0,205.0,0.0
3039,178.0,121.0,0.0
3040,297.0,259.0,0.0
3041,350.0,209.0,0.0
3042,486.0,19.0,0.0
3043,469.0,118.0,0.0
3044,581.0,115.0,0.0
3045,294.0,295.0,0.0
3046,473.0,245.0,0.0
3047,310.0,264.0,0.0
3048,218.0,285.0,0.0
3049,485.0,16.0,0.0
3050,188.0,281.0,0.0
3051,518.0,139.0,0.0
3052,248.0,90.0,0.0
3053,405.0,224.0,0.0
3054,216.0,2.0,0.0
3055,265.0,259.0,0.0
3056,371.0,148.0,0.0
3057,232.0,301.0,0.0
3058,223.0,171.0,0.0
3059,591.0,191.0,0.0
3060,398.0,181.0,0.0
3061,350.0,256.0,0.0
3062,44.0,130.0,0.0
3063,391.0,48.0,0.0
3064,586.0,55.0,0.0
3065,202.0,143.0,0.0
3066,501.0,257.0,0.0
3067,26.0,217.0,0.0
3068,149.0,76.0,0.0
3069,473.0,275.0,0.0
3070,525.0,65.0,0.0
3071,518.0,199.0,0.0
3072,571.0,219.0,0.0
3073,448.0,265.0,0.0
3074,567.0,22.0,0.0
3075,255.0,112.0,0.0
3076,387.0,72.0,0.0
3077,115.0,232.0,0.0
3078,321.0,116.0,0.0
3079,282.0,243.0,0.0
3080,76.0,121.0,0.0
3081,487.0,83.0,0.0
3082,540.0,38.0,0.0
3083,110.0,301.0,0.0
3084,542.0,80.0,0.0
3085,386.0,124.0,0.0
3086,236.0,198.0,0.0
3087,152.0,95.0,0.0
3088,235.0,216.0,0.0
3089,20.0,202.0,0.0
3090,528.0,199.0,0.0
3091,582.0,300.0,0.0
3092,477.0,239.0,0.0
3093,512.0,232.0,0.0
3094,316.0,82.0,0.0
3095,255.0,122.0,0.0
3096,587.0,31.0,0.0
3097,155.0,117.0,0.0
3098,583.0,256.0,0.0
3099,495.0,177.0,0.0
3100,164.0,226.0,0.0
3101,139.0,67.0,0.0
3102,405.0,189.0,0.0
3103,471.0,311.0,0.0
3104,484.0,72.0,0.0
3105,457.0,236.0,0.0
3106,51.0,227.0,0.0
3107,250.0,60.0,0.0
3108,275.0,283.0,0.0
3109,409.0,97.0,0.0
3110,351.0,243.0,0.0
3111,186.0,107.0,0.0
3112,273.0,298.0,0.0
3113,171.0,131.0,0.0
3114,263.0,179.0,0.0
3115,278.0,84.0,0.0
3116,176.0,91.0,0.0
3117,79.0,66.0,0.0
3118,278.0,39.0,0.0
3119,120.0,57.0,0.0
3120,445.0,289.0,0.0
3121,425.0,281.0,0.0
3122,343.0,100.0,0.0
3123,213.0,206.0,0.0
3124,280.0,248.0,0.0
3125,168.0,140.0,0.0
3126,109.0,155.0,0.0
3127,266.0,50.0,0.0
3128,22.0,80.0,0.0
3129,41.0,178.0,0.0
3130,420.0,75.0,0.0
3131,278.0,191.0,0.0
3132,404.0,149.0,0.0
3133,179.0,158.0,0.0
3134,126.0,78.0,0.0
3135,349.0,210.0,0.0
3136,33.0,56.0,0.0
3137,537.0,114.0,0.0
3138,550.0,309.0,0.0
3139,546.0,76.0,0.0
3140,12.0,72.0,0.0
3141,240.0,229.0,0.0
3142,138.0,54.0,0.0
3143,423.0,194.0,0.0
3144,591.0,90.0,0.0
3145,257.0,246.0,0.0
3146,245.0,247.0,0.0
3147,572.0,39.0,0.0
3148,154.0,91.0,0.0
3149,414.0,133.0,0.0
3150,556.0,63.0,0.0
3151,573.0,128.0,0.0
3152,138.0,246.0,0.0
3153,324.0,288.0,0.0
3154,305.0,65.0,0.0
3155,82.0,101.0,0.0
3156,555.0,194.0,0.0
3157,21.0,14.0,0.0
3158,500.0,260.0,0.0
3159,482.0,164.0,0.0
3160,34.0,84.0,0.0
3161,348.0,63.0,0.0
3162,128.0,218.0,0.0
3163,520.0,33.0,0.0
3164,574.0,243.0,0.0
3165,46.0,286.0,0.0
3166,195.0,20.0,0.0
3167,7.0,222.0,0.0
3168,461.0,140.0,0.0
3169,259.0,61.0,0.0
3170,7.0,133.0,0.0
3171,155.0,222.0,0.0
3172,83.0,158.0,0.0
3173,237.0,172.0,0.0
3174,585.0,179.0,0.0
3175,142.0,108.0,0.0
3176,356.0,113.0,0.0
3177,411.0,261.0,0.0
3178,203.0,251.0,0.0
3179,457.0,64.0,0.0
3180,28.0,212.0,0.0
3181,335.0,25.0,0.0
3182,177.0,86.0,0.0
3183,470.0,61.0,0.0
3184,188.0,177.0,0.0
3185,467.0,24.0,0.0
3186,460.0,64.0,0.0
3187,284.0,128.0,0.0
3188,201.0,147.0,0.0
3189,176.0,305.0,0.0
3190,398.0,97.0,0.0
3191,240.0,63.0,0.0
3192,58.0,207.0,0.0
3193,40.0,138.0,0.0
3194,402.0,28.0,0.0
3195,348.0,197.0,0.0
3196,425.0,80.0,0.0
3197,380.0,232.0,0.0
3198,132.0,100.0,0.0
3199,103.0,79.0,0.0
3200,59.0,87.0,0.0
3201,64.0,50.0,0.0
3202,219.0,79.0,0.0
3203,119.0,0.0,0.0
3204,319.0,149.0,0.0
3205,26.0,234.0,0.0
3206,556.0,280.0,0.0
3207,340.0,223.0,0.0
3208,348.0,74.0,0.0
3209,515.0,242.0,0.0
3210,91.0,180.0,0.0
3211,148.0,307.0,0.0
3212,159.0,312.0,0.0
3213,46.0,20.0,0.0
3214,459.0,156.0,0.0
3215,82.0,282.0,0.0
3216,287.0,98.0,0.0
3217,430.0,94.0,0.0
3218,433.0,150.0,0.0
3219,27.0,222.0,0.0
3220,554.0,114.0,0.0
3221,50.0,10.0,0.0
3222,108.0,5.0,0.0
3223,423.0,128.0,0.0
3224,246.0,294.0,0.0
3225,461.0,279.0,0.0
3226,379.0,311.0,0.0
3227,227.0,235.0,0.0
3228,382.0,217.0,0.0
3229,341.0,287.0,0.0
3230,350.0,80.0,0.0
3231,323.0,206.0,0.0
3232,474.0,136.0,0.0
3233,198.0,80.0,0.0
3234,569.0,165.0,0.0
3235,368.0,168.0,0.0
3236,341.0,79.0,0.0
3237,385.0,70.0,0.0
3238,125.0,57.0,0.0
3239,313.0,229.0,0.0
3240,453.0,134.0,0.0
3241,241.0,130.0,0.0
3242,206.0,312.0,0.0
3243,89.0,201.0,0.0
3244,255.0,281.0,0.0
3245,555.0,48.0,0.0
3246,504.0,208.0,0.0
3247,289.0,241.0,0.0
3248,571.0,292.0,0.0
3249,46.0,110.0,0.0
3250,522.0,80.0,0.0
3251,54.0,255.0,0.0
3252,72.0,209.0,0.0
3253,396.0,218.0,0.0
3254,445.0,310.0,0.0
3255,552.0,120.0,0.0
3256,25.0,285.0,0.0
3257,432.0,269.0,0.0
3258,475.0,211.0,0.0
3259,97.0,145.0,0.0
3260,227.0,236.0,0.0
3261,105.0,22.0,0.0
3262,144.0,99.0,0.0
3263,314.0,300.0,0.0
3264,228.0,278.0,0.0
3265,459.0,304.0,0.0
3266,373.0,210.0,0.0
3267,74.0,202.0,0.0
3268,115.0,29.0,0.0
3269,101.0,93.0,0.0
3270,376.0,307.0,0.0
3271,228.0,294.0,0.0
3272,46.0,156.0,0.0
3273,171.0,209.0,0.0
3274,206.0,202.0,0.0
3275,491.0,261.0,0.0
3276,319.0,265.0,0.0
3277,485.0,81.0,0.0
3278,345.0,77.0,0.0
3279,100.0,277.0,0.0
3280,538.0,283.0,0.0
3281,487.0,243.0,0.0
3282,361.0,96.0,0.0
3283,463.0,242.0,0.0
3284,510.0,73.0,0.0
3285,457.0,200.0,0.0
3286,274.0,168.0,0.0
3287,203.0,273.0,0.0
3288,381.0,297.0,0.0
3289,61.0,108.0,0.0
3290,540.0,236.0,0.0
3291,70.0,211.0,0.0
3292,30.0,172.0,0.0
3293,142.0,289.0,0.0
3294,147.0,273.0,0.0
3295,59.0,72.0,0.0
3296,312.0,95.0,0.0
3297,254.0,142.0,0.0
3298,211.0,256.0,0.0
3299,464.0,297.0,0.0
3300,45.0,58.0,0.0
3301,323.0,68.0,0.0
3302,137.0,207.0,0.0
3303,7.0,230.0,0.0
3304,285.0,304.0,0.0
3305,518.0,54.0,0.0
3306,187.0,104.0,0.0
3307,502.0,165.0,0.0
3308,455.0,9.0,0.0
3309,114.0,274.0,0.0
3310,479.0,188.0,0.0
3311,152.0,163.0,0.0
3312,407.0,133.0,0.0
3313,553.0,205.0,0.0
3314,174.0,59.0,0.0
3315,142.0,172.0,0.0
3316,510.0,131.0,0.0
3317,362.0,258.0,0.0
3318,256.0,27.0,0.0
3319,98.0,85.0,0.0
3320,346.0,297.0,0.0
3321,481.0,134.0,0.0
3322,87.0,121.0,0.0
3323,396.0,34.0,0.0
3324,85.0,36.0,0.0
3325,543.0,27.0,0.0
3326,530.0,312.0,0.0
3327,586.0,296.0,0.0
3328,196.0,124.0,0.0
3329,93.0,247.0,0.0
3330,322.0,283.0,0.0
3331,538.0,304.0,0.0
3332,364.0,45.0,0.0
3333,318.0,8.0,0.0
3334,416.0,248.0,0.0
3335,361.0,149.0,0.0
3336,481.0,244.0,0.0
3337,309.0,286.0,0.0
3338,139.0,94.0,0.0
3339,455.0,129.0,0.0
3340,582.0,205.0,0.0
3341,402.0,247.0,0.0
3342,65.0,141.0,0.0
3343,42.0,122.0,0.0
3344,96.0,33.0,0.0
3345,156.0,139.0,0.0
3346,417.0,213.0,0.0
3347,228.0,94.0,0.0
3348,176.0,271.0,0.0
3349,179.0,6.0,0.0
3350,222.0,295.0,0.0
3351,545.0,5.0,0.0
3352,510.0,138.0,0.0
3353,352.0,77.0,0.0
3354,534.0,117.0,0.0
3355,584.0,203.0,0.0
3356,300.0,145.0,0.0
3357,458.0,60.0,0.0
3358,561.0,32.0,0.0
3359,522.0,264.0,0.0
3360,20.0,236.0,0.0
3361,8.0,110.0,0.0
3362,213.0,50.0,0.0
3363,343.0,148.0,0.0
3364,94.0,274.0,0.0
3365,192.0,41.0,0.0
3366,141.0,45.0,0.0
3367,282.0,155.0,0.0
3368,531.0,100.0,0.0
3369,347.0,93.0,0.0
3370,529.0,134.0,0.0
3371,405.0,98.0,0.0
3372,467.0,192.0,0.0
3373,67.0,219.0,0.0
3374,59.0,305.0,0.0
3375,297.0,145.0,0.0
3376,291.0,241.0,0.0
3377,344.0,64.0,0.0
3378,179.0,3.0,0.0
3379,193.0,33.0,0.0
3380,387.0,33.0,0.0
3381,569.0,34.0,0.0
3382,565.0,9.0,0.0
3383,331.0,206.0,0.0
3384,403.0,106.0,0.0
3385,482.0,49.0,0.0
3386,238.0,122.0,0.0
3387,106.0,185.0,0.0
3388,373.0,269.0,0.0
3389,245.0,125.0,0.0
3390,403.0,273.0,0.0
3391,123.0,201.0,0.0
3392,238.0,155.0,0.0
3393,513.0,233.0,0.0
3394,294.0,274.0,0.0
3395,226.0,25.0,0.0
3396,372.0,286.0,0.0
3397,99.0,209.0,0.0
3398,496.0,289.0,0.0
3399,460.0,166.0,0.0
3400,433.0,295.0,0.0
3401,551.0,50.0,0.0
3402,115.0,293.0,0.0
3403,487.0,119.0,0.0
3404,409.0,293.0,0.0
3405,238.0,227.0,0.0
3406,486.0,191.0,0.0
3407,476.0,67.0,0.0
3408,71.0,123.0,0.0
3409,388.0,260.0,0.0
3410,316.0,259.0,0.0
3411,31.0,58.0,0.0
3412,573.0,256.0,0.0
3413,371.0,106.0,0.0
3414,263.0,303.0,0.0
3415,175.0,188.0,0.0
3416,570.0,205.0,0.0
3417,560.0,246.0,0.0
3418,50.0,27.0,0.0
3419,200.0,303.0,0.0
3420,260.0,52.0,0.0
3421,356.0,59.0,0.0
3422,186.0,190.0,0.0
3423,245.0,219.0,0.0
3424,537.0,135.0,0.0
3425,305.0,259.0,0.0
3426,349.0,102.0,0.0
3427,292.0,244.0,0.0
3428,70.0,4.0,0.0
3429,323.0,281.0,0.0
3430,103.0,198.0,0.0
3431,168.0,51.0,0.0
3432,365.0,270.0,0.0
3433,90.0,47.0,0.0
3434,116.0,212.0,0.0
3435,373.0,59.0,0.0
3436,156.0,307.0,0.0
3437,304.0,92.0,0.0
3438,378.0,240.0,0.0
3439,144.0,189.0,0.0
3440,433.0,298.0,0.0
3441,103.0,255.0,0.0
3442,551.0,109.0,0.0
3443,486.0,215.0,0.0
3444,166.0,69.0,0.0
3445,122.0,103.0,0.0
3446,350.0,91.0,0.0
3447,102.0,148.0,0.0
3448,48.0,102.0,0.0
3449,354.0,242.0,0.0
3450,337.0,173.0,0.0
3451,265.0,103.0,0.0
3452,290.0,69.0,0.0
3453,164.0,194.0,0.0
3454,378.0,227.0,0.0
3455,342.0,165.0,0.0
3456,314.0,133.0,0.0
3457,490.0,66.0,0.0
3458,22.0,101.0,0.0
3459,224.0,310.0,0.0
3460,55.0,10.0,0.0
3461,191.0,293.0,0.0
3462,549.0,40.0,0.0
3463,333.0,143.0,0.0
3464,273.0,247.0,0.0
3465,210.0,154.0,0.0
3466,562.0,259.0,0.0
3467,307.0,25.0,0.0
3468,241.0,220.0,0.0
3469,350.0,249.0,0.0
3470,37.0,187.0,0.0
3471,515.0,39.0,0.0
3472,259.0,131.0,0.0
3473,127.0,305.0,0.0
3474,503.0,247.0,0.0
3475,215.0,152.0,0.0
3476,533.0,303.0,0.0
3477,109.0,62.0,0.0
3478,431.0,264.0,0.0
